ID,Name,Part,Type,SetNo.,CostumeSetID,AttackDamage,AbilityPower,CriticalHitRate,HealthMax,HealthRegen,ManaRegen,Armor,MagicResist,ArmorPenetration,MagicPenetration,LifeSteal,Class,EquipLV,Price_Gold,Price_Jewel,Price_Medal,SellPrice,Grade0_TableID,Grade1_TableID,Grade2_TableID,Grade3_TableID,Grade4_TableID,MaxStackCount,Desc,EXP,Arena,StageType,ItemLv
100001,상어 이빨 장식,Material,,,,,,,,,,,,,,,,,100,,,20,,,,,,1,장비 아이템에 100의 경험치를 부여합니다.,100,0,,0
100002,달팽이 껍질,Material,,,,,,,,,,,,,,,,,500,,,100,,,,,,1,장비 아이템에 500의 경험치를 부여합니다.,500,0,,0
100003,미끌 개구리,Material,,,,,,,,,,,,,,,,,1000,,,200,,,,,,1,"장비 아이템에 1,000의 경험치를 부여합니다.",1000,0,,0
100004,흰 멧돼지 엄니,Material,,,,,,,,,,,,,,,,,2000,,,400,,,,,,1,"장비 아이템에 2,000의 경험치를 부여합니다.",2000,0,,0
100005,붉은 멧돼지 엄니,Material,,,,,,,,,,,,,,,,,3500,,,700,,,,,,1,"장비 아이템에 3,500의 경험치를 부여합니다.",3500,0,,0
100006,인간의 눈물,Material,,,,,,,,,,,,,,,,,5000,,,1000,,,,,,1,"장비 아이템에 5,000의 경험치를 부여합니다.",5000,0,,0
100007,선조의 부적,Material,,,,,,,,,,,,,,,,,8000,,,1600,,,,,,1,"장비 아이템에 8,000의 경험치를 부여합니다.",8000,0,,0
100008,뿔 달팽이 껍질,Material,,,,,,,,,,,,,,,,,10000,,,2000,,,,,,1,"장비 아이템에 10,000의 경험치를 부여합니다.",10000,0,,0
100009,뿔가사리,Material,,,,,,,,,,,,,,,,,12000,,,2400,,,,,,1,"장비 아이템에 12,000의 경험치를 부여합니다.",12000,0,,0
100010,뿔 가시게의 집게발,Material,,,,,,,,,,,,,,,,,15000,,,3000,,,,,,1,"장비 아이템에 15,000의 경험치를 부여합니다.",15000,0,,0
100011,오크의 귀걸이,Material,,,,,,,,,,,,,,,,,20000,,,4000,,,,,,1,"장비 아이템에 20,000의 경험치를 부여합니다.",20000,0,,0
100012,해골 가루,Material,,,,,,,,,,,,,,,,,25000,,,5000,,,,,,1,"장비 아이템에 25,000의 경험치를 부여합니다.",25000,0,,0
100013,검빨 개구리,Material,,,,,,,,,,,,,,,,,30000,,,6000,,,,,,1,"장비 아이템에 30,000의 경험치를 부여합니다.",30000,0,,0
100014,보석 풍뎅이,Material,,,,,,,,,,,,,,,,,35000,,,7000,,,,,,1,"장비 아이템에 35,000의 경험치를 부여합니다.",35000,0,,0
100016,금여우의 털,Material,,,,,,,,,,,,,,,,,60000,,,12000,,,,,,1,"장비 아이템에 60,000의 경험치를 부여합니다.",60000,0,,0
100019,무지개 풍뎅이,Material,,,,,,,,,,,,,,,,,100000,,,20000,,,,,,1,"장비 아이템에 100,000의 경험치를 부여합니다.",100000,0,,0
900001,체력 회복 물약,Potion_1,,,,,,,,,,,,,,,,,500,,,100,,,,,,50,생명력을 10초에 걸쳐 30% 회복시킵니다.,,0,,0
900002,맛있는 고기,Potion_2,,,,,,,,,,,,,,,,,5000,,,1000,,,,,,50,생명력을 즉시 100% 회복시킵니다.,,0,,0
900004,용맹의 발톱,Material_Compose,25,,,,,,,,,,,,,,,,,,,500,,,,,,50,합성의 성공률을 25%더해 줍니다.,,0,,0
900005,용맹의 이빨,Material_Compose,50,,,,,,,,,,,,,,,,,,,1000,,,,,,50,합성의 성공률을 50%더해 줍니다.,,0,,0
80999,수호 부적,Accessories,,,,,,,960,48,,,,,,,Common,1,600,,,100,900111,900112,900113,900114,900115,1,꿈을 꾸지 못한 빅풋을 위한 초급용 장신구,100,0,,16
11001,전투 톱날도끼,Weapon,,,,54,,0.75,,,,,,,,,Warrior,1,2910,,,470,900111,900112,900113,900114,900115,1,낡았지만 쓸만한 도끼,470,0,0:1;1:1,17
13001,톱니단검,Weapon,,,,50,,0.5,,,,,,50,,,Assassin,1,2910,,,470,900111,900112,900113,900114,900115,1,톱니(?)라기 보다는 그냥 낡고 녹슨 것으로 보이는데..,470,0,0:1;1:1,17
15001,무거운 지팡이,Weapon,,,,,62,,,,1,,,,,,Wizard,1,2910,,,470,900111,900112,900113,900114,900115,1,약하지만 마력이 느껴지는 지팡이,470,0,0:1;1:1,17
31001,가죽 조끼,Body,,1002,,,,0.4,,,,148,,49,,,Common,1,1550,,,250,900131,900132,900133,900134,900135,1,,250,0,0:2;1:2,18
32001,구리 갑옷,Body,,1001,,,,,669,20,,262,,,,,Common,1,1550,,,250,900131,900132,900133,900134,900135,1,,250,0,0:2;1:2,18
33001,리넨 로브,Body,,1003,,,,,292,,1,136,,,,,Common,1,1550,,,250,900131,900132,900133,900134,900135,1,,250,0,0:2;1:2,18
41001,가죽 장갑,Hand,,1002,,12,,,,,,103,,41,,,Common,1,1730,,,280,900141,900142,900143,900144,900145,1,,280,0,0:3;1:3,19
42001,구리 장갑,Hand,,1001,,,,,684,,,205,,,,,Common,1,1730,,,280,900141,900142,900143,900144,900145,1,,280,0,0:3;1:3,19
43001,리넨 장갑,Hand,,1003,,,14,,,,,103,,,36,,Common,1,1730,,,280,900141,900142,900143,900144,900145,1,,280,0,0:3;1:3,19
51001,가죽 다리보호대,Pants,,1002,,14,,0.25,,,,115,,35,,,Common,1,2560,,,410,900151,900152,900153,900154,900155,1,,410,0,0:4;1:4,20
52001,구리 바지,Pants,,1001,,,,,768,20,,226,,,,,Common,1,2560,,,410,900151,900152,900153,900154,900155,1,,410,0,0:4;1:4,20
53001,리넨 바지,Pants,,1003,,,,,,,1,107,,,27,,Common,1,2560,,,410,900151,900152,900153,900154,900155,1,,410,0,0:4;1:4,20
71001,칼날장식 고리,Ring,,1002,,16,,0.4,,,,,,55,,,Common,1,3790,,,610,900171,900172,900173,900174,900175,1,,610,0,0:5;1:5,25
72001,튼튼한 구리 인장,Ring,,1001,,,,,1149,30,,131,,,,,Common,1,3790,,,610,900171,900172,900173,900174,900175,1,,610,0,0:5;1:5,25
73001,샘솟는 마력의 반지,Ring,,1003,,,16,,,,0.7,,,,52,,Common,1,3790,,,610,900171,900172,900173,900174,900175,1,,610,0,0:5;1:5,25
21001,가죽 두건,Head,,1002,,,,0.5,317,,,80,,,,,Common,1,2320,,,370,900121,900122,900123,900124,900125,1,,370,0,0:6;1:6,22
22001,구리 면갑,Head,,1001,,,,,569,22,,172,,,,,Common,1,2320,,,370,900121,900122,900123,900124,900125,1,,370,0,0:6;1:6,22
23001,리넨 머리띠,Head,,1003,,,,,317,,0.8,92,,,,,Common,1,2320,,,370,900121,900122,900123,900124,900125,1,,370,0,0:6;1:6,22
61001,가죽 발보호대,Foot,,1002,,12,,,,,,149,,50,,,Common,1,2540,,,410,900161,900162,900163,900164,900165,1,,410,0,0:7;1:7,23
62001,구리 장화,Foot,,1001,,,,,288,30,,231,,,,,Common,1,2540,,,410,900161,900162,900163,900164,900165,1,,410,0,0:7;1:7,23
63001,리넨 발덮개,Foot,,1003,,,12,,,,,149,,,50,,Common,1,2540,,,410,900161,900162,900163,900164,900165,1,,410,0,0:7;1:7,23
31002,용기의 가죽 조끼,Body,,1002,,19,,,,,,289,,68,,,Common,1,4150,,,660,900131,900132,900133,900134,900135,1,,660,0,0:8;1:8,24
32002,튼튼한 구리 흉갑,Body,,1001,,,,,1296,,,389,,,,,Common,1,4150,,,660,900131,900132,900133,900134,900135,1,,660,0,0:8;1:8,24
33002,진리의 리넨 튜닉,Body,,1003,,,19,,,,1,194,,,,,Common,1,4150,,,660,900131,900132,900133,900134,900135,1,,660,0,0:8;1:8,24
71002,톱니장식 고리,Ring,,1002,,14,,0.5,,,,,,40,,,Common,1,3500,,,560,900171,900172,900173,900174,900175,1,,560,0,0:9;1:9,25
72002,제련된 구리 인장,Ring,,1001,,,,,630,42,,252,,,,,Common,1,3500,,,560,900171,900172,900173,900174,900175,1,,560,0,0:9;1:9,25
73002,관통하는 마력의 반지,Ring,,1003,,,16,,,30,,,,,65,,Common,1,3500,,,560,900171,900172,900173,900174,900175,1,,560,0,0:9;1:9,25
12001,강철 전투망치,Weapon,,,,75,,,1004,,,,,201,,,Warrior,1,9690,,,1550,900111,900112,900113,900114,900115,1,,1550,0,0:10;1:10,30
14001,맹독 제사검,Weapon,,,,42,84,,,,,,,,126,,Assassin,1,9690,,,1550,900111,900112,900113,900114,900115,1,,1550,0,0:10;1:10,30
16001,마력 깃든 장창,Weapon,,,,,71,,670,,,,,,213,,Wizard,1,9690,,,1550,900111,900112,900113,900114,900115,1,,1550,0,0:10;1:10,30
41002,가시 장갑,Hand,,1005,,17,,0.35,,,,117,58,,,,Common,1,3500,,,560,900141,900142,900143,900144,900145,1,,560,0,0:11;1:11,27
42002,강철 건틀릿,Hand,,1004,,,,,778,,,204,146,,,,Common,1,3500,,,560,900141,900142,900143,900144,900145,1,,560,0,0:11;1:11,27
43002,희미한 빛의 손보호대,Hand,,1006,,,19,,,,0.5,87,87,,,,Common,1,3500,,,560,900141,900142,900143,900144,900145,1,,560,0,0:11;1:11,27
51002,가시 다리갑옷,Pants,,1005,,,,,,,,290,161,89,,,Common,1,5020,,,800,900151,900152,900153,900154,900155,1,,800,0,0:12;1:12,28
52002,강철 다리보호대,Pants,,1004,,,,,,32,,387,226,,,,Common,1,5020,,,800,900151,900152,900153,900154,900155,1,,800,0,0:12;1:12,28
53002,희미한 빛의 킬트,Pants,,1006,,,,,,,,242,161,,101,,Common,1,5020,,,800,900151,900152,900153,900154,900155,1,,800,0,0:12;1:12,28
61002,가시 장화,Foot,,1005,,16,,0.35,,,,78,141,,,,Common,1,4040,,,650,900161,900162,900163,900164,900165,1,,650,0,0:13;1:13,29
62002,강철 부츠,Foot,,1004,,,,,835,,,157,219,,,,Common,1,4040,,,650,900161,900162,900163,900164,900165,1,,650,0,0:13;1:13,29
63002,희미한 빛의 발보호대,Foot,,1006,,,19,,,,0.5,63,157,,,,Common,1,4040,,,650,900161,900162,900163,900164,900165,1,,650,0,0:13;1:13,29
21002,가시 투구,Head,,1005,,22,,,,,,97,97,49,,,Common,1,4320,,,690,900131,900132,900133,900134,900135,1,,690,0,0:14;1:14,30
22002,강철 면갑,Head,,1004,,,,,432,19,,201,201,,,,Common,1,4320,,,690,900131,900132,900133,900134,900135,1,,690,0,0:14;1:14,30
23002,희미한 빛의 머리띠,Head,,1006,,,24,,,,,130,65,,41,,Common,1,4320,,,690,900131,900132,900133,900134,900135,1,,690,0,0:14;1:14,30
11002,진은 톱날도끼,Weapon,,,,104,,1.5,,30,,,,,,,Warrior,1,13070,,,2090,900111,900112,900113,900114,900115,1,,2090,0,0:15;1:15,35
13002,날카로운 수정단검,Weapon,,,,104,,1,,,,,,120,,,Assassin,1,13070,,,2090,900111,900112,900113,900114,900115,1,,2090,0,0:15;1:15,35
16002,관통하는 마력의 장창,Weapon,,,,,99,,,,,,,,135,0.005,Wizard,1,13070,,,2090,900111,900112,900113,900114,900115,1,,2090,0,0:15;1:15,35
31003,가시 갑옷,Body,,1005,,,,,,,,363,259,104,,,Common,1,7370,,,1180,900131,900132,900133,900134,900135,1,,1180,0,0:16;1:16,32
32003,강철 가슴보호대,Body,,1004,,,,,1037,,,415,311,,,,Common,1,7370,,,1180,900131,900132,900133,900134,900135,1,,1180,0,0:16;1:16,32
33003,희미한 빛의 로브,Body,,1006,,,,,,,,311,259,,117,,Common,1,7370,,,1180,900131,900132,900133,900134,900135,1,,1180,0,0:16;1:16,32
71003,가시 박힌 고리,Ring,,1005,,35,,0.35,,,,,,52,,,Common,1,6100,,,980,900171,900172,900173,900174,900175,1,,980,0,0:17;1:17,33
72003,강한 방어의 인장,Ring,,1004,,,,,1109,30,,236,,,,,Common,1,6100,,,980,900171,900172,900173,900174,900175,1,,980,0,0:17;1:17,33
73003,희미한 빛의 반지,Ring,,1006,,,35,,,21,0.8,,,,,,Common,1,6100,,,980,900171,900172,900173,900174,900175,1,,980,0,0:17;1:17,33
41003,뾰족 가시 손보호대,Hand,,1005,,24,,,,,,184,110,37,,,Common,1,5550,,,890,900141,900142,900143,900144,900145,1,,890,0,0:18;1:18,34
42003,세련된 강철 건틀릿,Hand,,1004,,,,,,24,,367,220,,,,Common,1,5550,,,890,900141,900142,900143,900144,900145,1,,890,0,0:18;1:18,34
43003,밝은 빛의 장갑,Hand,,1006,,,24,0.25,,,,118,184,,,,Common,1,5550,,,890,900141,900142,900143,900144,900145,1,,890,0,0:18;1:18,34
71004,날카로운 가시 고리,Ring,,1005,,35,,0.4,,,,,,55,,,Common,1,6860,,,1100,900171,900172,900173,900174,900175,1,,1100,0,0:19;1:19,35
72004,강한 저항의 인장,Ring,,1004,,,,,1176,30,,,261,,,,Common,1,6860,,,1100,900171,900172,900173,900174,900175,1,,1100,0,0:19;1:19,35
73004,어두운 빛의 반지,Ring,,1006,,,37,,594,,,,,,66,,Common,1,6860,,,1100,900171,900172,900173,900174,900175,1,,1100,0,0:19;1:19,35
12002,진은 전투망치,Weapon,,,,94,,,,,,,,250,,0.005,Warrior,1,17780,,,2840,900111,900112,900113,900114,900115,1,미친 왕의 판결망치,2840,0,0:20;1:20,40
14002,맹독 주술단검,Weapon,,,,55,122,,,,,,,,,0.005,Assassin,1,17780,,,2840,900111,900112,900113,900114,900115,1,미친 왕의 이쑤시개,2840,0,0:20;1:20,40
15002,생명의 지팡이,Weapon,,,,,101,,,90,2.7,,,,,,Wizard,1,17780,,,2840,900111,900112,900113,900114,900115,1,미친 왕의 등긁이,2840,0,0:20;1:20,40
51003,강화 가죽 바지,Pants,,1008,,31,,0.5,,,,,393,,,,Common,10,8760,,,1400,900251,900252,900253,900254,900255,1,,1400,0,0:21;1:21,37
52003,판금 다리보호대,Pants,,1007,,,,,1066,,,360,480,,,,Common,10,8760,,,1400,900251,900252,900253,900254,900255,1,,1400,0,0:21;1:21,37
53003,역술사의 킬트,Pants,,1009,,,31,,,,1,,334,,,,Common,10,8760,,,1400,900251,900252,900253,900254,900255,1,,1400,0,0:21;1:21,37
71005,늑대 이빨 고리,Ring,,1008,,24,,0.5,,,,,,80,,,Common,10,8090,,,1290,900271,900272,900273,900274,900275,1,,1290,0,0:22;1:22,38
72005,강한 체력의 인장,Ring,,1007,,,,,1117,60,,,256,,,,Common,10,8090,,,1290,900271,900272,900273,900274,900275,1,,1290,0,0:22;1:22,38
73005,유령 울음 반지,Ring,,1009,,,24,,,,0.9,,,,87,,Common,10,8090,,,1290,900271,900272,900273,900274,900275,1,,1290,0,0:22;1:22,38
61003,강화 가죽 부츠,Foot,,1008,,21,,0.5,,,,,295,,,,Common,10,7300,,,1170,900261,900262,900263,900264,900265,1,,1170,0,0:23;1:23,39
62003,판금 발덮개,Foot,,1007,,,,,,40,,261,341,,,,Common,10,7300,,,1170,900261,900262,900263,900264,900265,1,,1170,0,0:23;1:23,39
63003,역술사의 장화,Foot,,1009,,,18,,,,,,312,,80,,Common,10,7300,,,1170,900261,900262,900263,900264,900265,1,,1170,0,0:23;1:23,39
31004,강화 가죽 조끼,Body,,1008,,,,,864,,,249,334,113,,,Common,10,11520,,,1840,900231,900232,900233,900234,900235,1,,1840,0,0:24;1:24,40
32004,판금 갑옷,Body,,1007,,,,,1253,,,441,480,,,,Common,10,11520,,,1840,900231,900232,900233,900234,900235,1,,1840,0,0:24;1:24,40
33004,역술사의 로브,Body,,1009,,,,,648,,,203,399,,125,,Common,10,11520,,,1840,900231,900232,900233,900234,900235,1,,1840,0,0:24;1:24,40
12003,엄청난 무게의 돌망치,Weapon,,,,106,,,,103,,,,304,,,Warrior,10,23220,,,3720,900211,900212,900213,900214,900215,1,,3720,0,0:25;1:25,45
14003,악취나는 맹독단검,Weapon,,,,78,109,,,52,,,,,140,,Assassin,10,23220,,,3720,900211,900212,900213,900214,900215,1,,3720,0,0:25;1:25,45
16003,갈망하는 마력의 장창,Weapon,,,,,122,,,,,,,,187,0.0075,Wizard,10,23220,,,3720,900211,900212,900213,900214,900215,1,,3720,0,0:25;1:25,45
71006,악어 이빨 고리,Ring,,1008,,18,,0.4,,,,,,,,0.005,Common,10,9880,,,1580,900271,900272,900273,900274,900275,1,,1580,0,0:26;1:26,42
72006,거북 껍질 인장,Ring,,1007,,,,,,100,,199,259,,,,Common,10,9880,,,1580,900271,900272,900273,900274,900275,1,,1580,0,0:26;1:26,42
73006,샘솟는 갈망의 반지,Ring,,1009,,,,,,,0.5,,,,70,0.005,Common,10,9880,,,1580,900271,900272,900273,900274,900275,1,,1580,0,0:26;1:26,42
21003,강화 가죽 투구,Head,,1008,,24,,,,,,269,372,,,,Common,10,8870,,,1420,900221,900222,900223,900224,900225,1,,1420,0,0:27;1:27,43
22003,판금 면갑,Head,,1007,,,,,619,,,279,464,,,,Common,10,8870,,,1420,900221,900222,900223,900224,900225,1,,1420,0,0:27;1:27,43
23003,역술사의 머리띠,Head,,1009,,,24,,,,,223,418,,,,Common,10,8870,,,1420,900221,900222,900223,900224,900225,1,,1420,0,0:27;1:27,43
41004,강화 가죽 손보호대,Hand,,1008,,,,0.5,,,,,103,62,,0.0025,Common,10,9290,,,1490,900241,900242,900243,900244,900245,1,,1490,0,0:28;1:28,44
42004,판금 건틀릿,Hand,,1007,,,,,,40,,281,431,,,,Common,10,9290,,,1490,900241,900242,900243,900244,900245,1,,1490,0,0:28;1:28,44
43004,역술사의 장갑,Hand,,1009,,,,,,,0.5,,119,,88,0.0025,Common,10,9290,,,1490,900241,900242,900243,900244,900245,1,,1490,0,0:28;1:28,44
51004,바실리스크 가죽 다리갑옷,Pants,,1008,,33,,,,,,376,518,,,,Common,10,12960,,,2070,900251,900252,900253,900254,900255,1,,2070,0,0:29;1:29,45
52004,튼튼한 판금 다리보호대,Pants,,1007,,,,,,45,,441,583,,,,Common,10,12960,,,2070,900251,900252,900253,900254,900255,1,,2070,0,0:29;1:29,45
53004,주술용 킬트,Pants,,1009,,,,,,,,311,583,,100,,Common,10,12960,,,2070,900251,900252,900253,900254,900255,1,,2070,0,0:29;1:29,45
11003,강철 분쇄도끼,Weapon,,,,129,,1.75,,,,,,,,0.0075,Warrior,10,29400,,,4700,900211,900212,900213,900214,900215,1,,4700,0,0:30;1:30,51
13003,삼각 절단기,Weapon,,,,129,,1.5,,91,,,,137,,,Assassin,10,29400,,,4700,900211,900212,900213,900214,900215,1,,4700,0,0:30;1:30,51
15003,생명의 감시자 지팡이,Weapon,,,,,111,,,180,3,,,,,,Wizard,10,29400,,,4700,900211,900212,900213,900214,900215,1,,4700,0,0:30;1:30,51
21004,거짓된 용기의 투구,Head,,1011,,17,,,,,,203,203,102,,,Common,10,10600,,,1700,900221,900222,900223,900224,900225,1,,1700,0,0:31;1:31,47
22004,수호자의 면갑,Head,,1010,,,,,,51,,355,355,,,,Common,10,10600,,,1700,900221,900222,900223,900224,900225,1,,1700,0,0:31;1:31,47
23004,뒤틀린 신념의 머리장식,Head,,1012,,,29,,,,1,152,152,,,,Common,10,10600,,,1700,900221,900222,900223,900224,900225,1,,1700,0,0:31;1:31,47
71007,거짓된 용기의 고리,Ring,,1011,,33,,0.75,,60,,,,,,,Common,10,12900,,,2060,900271,900272,900273,900274,900275,1,,2060,0,0:32;1:32,48
72007,수호자의 인장,Ring,,1010,,,,,899,60,,577,,,,,Common,10,12900,,,2060,900271,900272,900273,900274,900275,1,,2060,0,0:32;1:32,48
73007,뒤틀린 신념의 반지,Ring,,1012,,,37,,,60,,,,,100,,Common,10,12900,,,2060,900271,900272,900273,900274,900275,1,,2060,0,0:32;1:32,48
51005,거짓된 용기의 바지,Pants,,1011,,35,,,,,,282,282,106,,,Common,10,15370,,,2460,900251,900252,900253,900254,900255,1,,2460,0,0:33;1:33,49
52005,수호자의 다리갑옷,Pants,,1010,,,,,1411,,,494,494,,,,Common,10,15370,,,2460,900251,900252,900253,900254,900255,1,,2460,0,0:33;1:33,49
53005,뒤틀린 신념의 킬트,Pants,,1012,,,41,,,,,212,212,,123,,Common,10,15370,,,2460,900251,900252,900253,900254,900255,1,,2460,0,0:33;1:33,49
31005,거짓된 용기의 조끼,Body,,1011,,,,1.5,,,,360,360,,,,Common,10,18000,,,2880,900231,900232,900233,900234,900235,1,,2880,0,0:34;1:34,50
32005,수호자의 갑옷,Body,,1010,,,,,1620,,,567,567,,,,Common,10,18000,,,2880,900231,900232,900233,900234,900235,1,,2880,0,0:34;1:34,50
33005,뒤틀린 신념의 로브,Body,,1012,,,,,,,,486,486,,162,,Common,10,18000,,,2880,900231,900232,900233,900234,900235,1,,2880,0,0:34;1:34,50
11004,용자의 톱날도끼,Weapon,,,,159,,1.5,,180,,,,,,,Warrior,10,36290,,,5810,900211,900212,900213,900214,900215,1,,5810,0,0:35;1:35,56
13004,끝없는 갈증의 해적검,Weapon,,,,132,,0.75,,,,,,87,,0.0125,Assassin,10,36290,,,5810,900211,900212,900213,900214,900215,1,,5810,0,0:35;1:35,56
16004,목마른 현자의 마법창,Weapon,,,,,136,,,,,,,,264,0.01,Wizard,10,36290,,,5810,900211,900212,900213,900214,900215,1,,5810,0,0:35;1:35,56
41005,거짓된 용기의 장갑,Hand,,1011,,,,0.5,,,,192,192,,,0.004,Common,10,12980,,,2080,900241,900242,900243,900244,900245,1,,2080,0,0:36;1:36,52
42005,수호자의 완갑,Hand,,1010,,,,,749,37,,337,337,,,,Common,10,12980,,,2080,900241,900242,900243,900244,900245,1,,2080,0,0:36;1:36,52
43005,뒤틀린 신념의 손등싸개,Hand,,1012,,,,,,,1.5,168,168,,62,,Common,10,12980,,,2080,900241,900242,900243,900244,900245,1,,2080,0,0:36;1:36,52
61004,거짓된 용기의 발덮개,Foot,,1011,,33,,,,,,260,260,54,,,Common,10,13480,,,2160,900261,900262,900263,900264,900265,1,,2160,0,0:37;1:37,53
62004,수호자의 발보호대,Foot,,1010,,,,,,69,,365,365,,,,Common,10,13480,,,2160,900261,900262,900263,900264,900265,1,,2160,0,0:37;1:37,53
63004,뒤틀린 신념의 부츠,Foot,,1012,,,27,,,,1,229,229,,,,Common,10,13480,,,2160,900261,900262,900263,900264,900265,1,,2160,0,0:37;1:37,53
71008,갈망의 이빨 고리,Ring,,1011,,34,,,,,,,,88,,0.005,Common,10,16330,,,2610,900271,900272,900273,900274,900275,1,,2610,0,0:38;1:38,54
72008,갈망의 수호 인장,Ring,,1010,,,,,1268,63,,,,,,0.005,Common,10,16330,,,2610,900271,900272,900273,900274,900275,1,,2610,0,0:38;1:38,54
73008,갈망의 마력 반지,Ring,,1012,,,,,736,,1.5,,,,,0.005,Common,10,16330,,,2610,900271,900272,900273,900274,900275,1,,2610,0,0:38;1:38,54
21005,거짓된 희망의 두건,Head,,1011,,25,,0.5,,,,297,297,,,,Common,10,14520,,,2320,900221,900222,900223,900224,900225,1,,2320,0,0:39;1:39,55
22005,고대 수호자의 투구,Head,,1010,,,,,950,,,451,451,,,,Common,10,14520,,,2320,900221,900222,900223,900224,900225,1,,2320,0,0:39;1:39,55
23005,뒤틀린 진실의 머리띠,Head,,1012,,,24,,,,,297,297,,77,,Common,10,14520,,,2320,900221,900222,900223,900224,900225,1,,2320,0,0:39;1:39,55
12004,용자의 전투망치,Weapon,,,,162,,,,,,,,197,,0.015,Warrior,10,49390,,,7900,900211,900212,900213,900214,900215,1,,7900,0,0:40;1:40,65
14004,썩어가는 와이번 비늘,Weapon,,,,,151,,,,,,,,80,0.02,Assassin,10,49390,,,7900,900211,900212,900213,900214,900215,1,,7900,0,0:40;1:40,65
15004,백야의 지팡이,Weapon,,,,,192,,,162,3.5,,,,,,Wizard,10,49390,,,7900,900211,900212,900213,900214,900215,1,,7900,0,0:40;1:40,65
41006,집행자의 손보호대,Hand,,1014,,35,,,,,,316,316,88,,,Common,20,20280,,,3240,900341,900342,900343,900344,900345,1,,3240,0,0:41;1:41,65
42006,야만전사의 건틀릿,Hand,,1013,,,,,936,47,,421,421,,,,Common,20,20280,,,3240,900341,900342,900343,900344,900345,1,,3240,0,0:41;1:41,65
43006,비술사의 장갑,Hand,,1015,,,40,,,,1,281,281,,,,Common,20,20280,,,3240,900341,900342,900343,900344,900345,1,,3240,0,0:41;1:41,65
71009,집행자의 고리,Ring,,1014,,47,,1,,,,,,125,,,Common,20,24400,,,3900,900371,900372,900373,900374,900375,1,,3900,0,0:42;1:42,66
72009,야만전사의 인장,Ring,,1013,,21,,1,1602,55,,,,,,,Common,20,24400,,,3900,900371,900372,900373,900374,900375,1,,3900,0,0:42;1:42,66
73009,비술사의 반지,Ring,,1015,,,52,,832,,,,,,172,,Common,20,24400,,,3900,900371,900372,900373,900374,900375,1,,3900,0,0:42;1:42,66
61005,집행자의 부츠,Foot,,1014,,,,1.25,,,,349,349,,,,Common,20,21550,,,3450,900361,900362,900363,900364,900365,1,,3450,0,0:43;1:43,67
62005,야만전사의 발보호대,Foot,,1013,,,,,1447,,,507,507,,,,Common,20,21550,,,3450,900361,900362,900363,900364,900365,1,,3450,0,0:43;1:43,67
63005,비술사의 장화,Foot,,1015,,,24,,,,,326,326,,127,,Common,20,21550,,,3450,900361,900362,900363,900364,900365,1,,3450,0,0:43;1:43,67
31006,집행자의 조끼,Body,,1014,,,,0.5,,,,583,583,185,,,Common,20,33290,,,5330,900331,900332,900333,900334,900335,1,,5330,0,0:44;1:44,68
32006,야만전사의 가슴보호대,Body,,1013,,,,,,92,,826,826,,,,Common,20,33290,,,5330,900331,900332,900333,900334,900335,1,,5330,0,0:44;1:44,68
33006,비술사의 튜닉,Body,,1015,,,,,,,,551,551,,275,,Common,20,33290,,,5330,900331,900332,900333,900334,900335,1,,5330,0,0:44;1:44,68
12005,영원의 얼음망치,Weapon,,,,192,,,,180,,,,450,,,Warrior,20,64510,,,10320,900311,900312,900313,900314,900315,1,,10320,0,0:45;1:45,75
14005,끝없는 부패의 단검,Weapon,,,,,216,,,189,,,,,364,,Assassin,20,64510,,,10320,900311,900312,900313,900314,900315,1,,10320,0,0:45;1:45,75
16005,스며드는 한기의 장창,Weapon,,,,,215,,,,,,,,500,0.005,Wizard,20,64510,,,10320,900311,900312,900313,900314,900315,1,,10320,0,0:45;1:45,75
51006,집행자의 바지,Pants,,1014,,43,,1.5,,,,302,302,,,,Common,20,31360,,,5020,900351,900352,900353,900354,900355,1,,5020,0,0:46;1:46,70
52006,야만전사의 다리보호대,Pants,,1013,,,,0.5,1822,,,585,585,,,,Common,20,31360,,,5020,900351,900352,900353,900354,900355,1,,5020,0,0:46;1:46,70
53006,비술사의 킬트,Pants,,1015,,,64,,,,,242,242,,192,,Common,20,31360,,,5020,900351,900352,900353,900354,900355,1,,5020,0,0:46;1:46,70
21006,집행자의 두건,Head,,1014,,,,0.75,,,,230,230,156,,,Common,20,24200,,,3870,900321,900322,900323,900324,900325,1,,3870,0,0:47;1:47,71
22006,야만전사의 투구,Head,,1013,,,,0.5,1045,,,460,460,,,,Common,20,24200,,,3870,900321,900322,900323,900324,900325,1,,3870,0,0:47;1:47,71
23006,비술사의 머리띠,Head,,1015,,,50,,,,1.5,199,199,,,,Common,20,24200,,,3870,900321,900322,900323,900324,900325,1,,3870,0,0:47;1:47,71
71010,선고자의 고리,Ring,,1014,,31,,1.5,,,,,,136,,,Common,20,29030,,,4640,900371,900372,900373,900374,900375,1,,4640,0,0:48;1:48,72
72010,야만용사의 인장,Ring,,1013,,,,,,136,,318,318,91,,,Common,20,29030,,,4640,900371,900372,900373,900374,900375,1,,4640,0,0:48;1:48,72
73010,원소술사의 반지,Ring,,1015,,,76,,,,2.5,,,,,,Common,20,29030,,,4640,900371,900372,900373,900374,900375,1,,4640,0,0:48;1:48,72
61006,선고자의 부츠,Foot,,1014,,34,,,,,,268,268,158,,,Common,20,25580,,,4090,900361,900362,900363,900364,900365,1,,4090,0,0:49;1:49,73
62006,야만용사의 발보호대,Foot,,1013,,,,,,79,,394,394,79,,,Common,20,25580,,,4090,900361,900362,900363,900364,900365,1,,4090,0,0:49;1:49,73
63006,원소술사의 부츠,Foot,,1015,,,32,,,,2,237,237,,,,Common,20,25580,,,4090,900361,900362,900363,900364,900365,1,,4090,0,0:49;1:49,73
11005,갈망의 분쇄도끼,Weapon,,,,259,,2,,,,,,,,0.01,Warrior,20,72830,,,11650,900311,900312,900313,900314,900315,1,,11650,0,0:50;1:50,80
13005,한기어린 삼날검,Weapon,,,,244,,,,,,,,270,,0.0125,Assassin,20,72830,,,11650,900311,900312,900313,900314,900315,1,,11650,0,0:50;1:50,80
15005,혹한의 눈동자,Weapon,,,,,224,,,,4.5,,,,,0.01,Wizard,20,72830,,,11650,900311,900312,900313,900314,900315,1,,11650,0,0:50;1:50,80
51007,자객의 바지,Pants,,1017,,65,,1,,,,389,389,,,,Common,20,36000,,,5760,900351,900352,900353,900354,900355,1,,5760,0,0:51;1:51,75
52007,미늘 다리보호대,Pants,,1016,,,,,1800,90,,540,540,,,,Common,20,36000,,,5760,900351,900352,900353,900354,900355,1,,5760,0,0:51;1:51,75
53007,룬문자 킬트,Pants,,1018,,,51,,,,2.5,324,324,,,,Common,20,36000,,,5760,900351,900352,900353,900354,900355,1,,5760,0,0:51;1:51,75
71011,자객의 고리,Ring,,1017,,76,,1,,,,,,100,,,Common,20,32350,,,5180,900371,900372,900373,900374,900375,1,,5180,0,0:52;1:52,76
72011,미늘장식 인장,Ring,,1016,,,,1.5,,99,,211,211,,,,Common,20,32350,,,5180,900371,900372,900373,900374,900375,1,,5180,0,0:52;1:52,76
73011,룬무늬 반지,Ring,,1018,,,66,,,,2,,,,100,,Common,20,32350,,,5180,900371,900372,900373,900374,900375,1,,5180,0,0:52;1:52,76
31007,자객의 갑옷,Body,,1017,,,,2,1500,,,422,422,,,,Common,20,42690,,,6830,900331,900332,900333,900334,900335,1,,6830,0,0:53;1:53,77
32007,미늘 흉갑,Body,,1016,,,,,3000,66,,600,600,,,,Common,20,42690,,,6830,900331,900332,900333,900334,900335,1,,6830,0,0:53;1:53,77
33007,룬문자 튜닉,Body,,1018,,,,,2100,,3,392,392,,,,Common,20,42690,,,6830,900331,900332,900333,900334,900335,1,,6830,0,0:53;1:53,77
41007,자객의 장갑,Hand,,1017,,,,1,,,,302,302,120,,,Common,20,29200,,,4670,900341,900342,900343,900344,900345,1,,4670,0,0:54;1:54,78
42007,미늘 건틀릿,Hand,,1016,,,,,1200,,,462,462,100,,,Common,20,29200,,,4670,900341,900342,900343,900344,900345,1,,4670,0,0:54;1:54,78
43007,룬문자 손등싸개,Hand,,1018,,,40,,,,2,244,244,,,,Common,20,29200,,,4670,900341,900342,900343,900344,900345,1,,4670,0,0:54;1:54,78
11006,아다만티움 도끼,Weapon,,,,243,,2.5,,236,,,,,,,Warrior,20,81650,,,13060,900311,900312,900313,900314,900315,1,,13060,0,0:55;1:55,85
13006,원망의 적출검,Weapon,,,,240,,2.5,,,,,,365,,,Assassin,20,81650,,,13060,900311,900312,900313,900314,900315,1,,13060,0,0:55;1:55,85
16006,사신의 낫,Weapon,,,,,270,,,216,,,,,324,,Wizard,20,81650,,,13060,900311,900312,900313,900314,900315,1,,13060,0,0:55;1:55,85
71012,고요한 밤의 고리,Ring,,1017,,35,,,,,,,,175,,0.0075,Common,20,35840,,,5730,900371,900372,900373,900374,900375,1,,5730,0,0:56;1:56,80
72012,빈틈없는 미늘 인장,Ring,,1016,,,,,,69,,800,800,,,,Common,20,35840,,,5730,900371,900372,900373,900374,900375,1,,5730,0,0:56;1:56,80
73012,빛나는 룬무늬 반지,Ring,,1018,,,30,,,,,,,,190,0.0075,Common,20,35840,,,5730,900371,900372,900373,900374,900375,1,,5730,0,0:56;1:56,80
61007,자객의 장화,Foot,,1017,,51,,,,,,319,319,125,,,Common,20,31490,,,5040,900361,900362,900363,900364,900365,1,,5040,0,0:57;1:57,81
62007,미늘 발보호대,Foot,,1016,,,,,1950,61,,401,401,,,,Common,20,31490,,,5040,900361,900362,900363,900364,900365,1,,5040,0,0:57;1:57,81
63007,룬문자 장화,Foot,,1018,,,42,,,,2,261,261,,,,Common,20,31490,,,5040,900361,900362,900363,900364,900365,1,,5040,0,0:57;1:57,81
51008,고요한 밤의 바지,Pants,,1017,,,,,1260,,,400,400,295,,,Common,20,43030,,,6880,900351,900352,900353,900354,900355,1,,6880,0,0:58;1:58,82
52008,빈틈없는 미늘 다리보호대,Pants,,1016,,,,,2339,,,830,830,,,,Common,20,43030,,,6880,900351,900352,900353,900354,900355,1,,6880,0,0:58;1:58,82
53008,빛나는 룬무늬 킬트,Pants,,1018,,,,,,,2,360,360,,230,,Common,20,43030,,,6880,900351,900352,900353,900354,900355,1,,6880,0,0:58;1:58,82
21007,자객의 투구,Head,,1017,,53,,,,,,299,299,140,,,Common,20,33070,,,5290,900321,900322,900323,900324,900325,1,,5290,0,0:59;1:59,83
22007,미늘 투구,Head,,1016,,,,,1799,42,,500,500,,,,Common,20,33070,,,5290,900321,900322,900323,900324,900325,1,,5290,0,0:59;1:59,83
23007,룬문자 머리장식,Head,,1018,,,63,,,,,221,221,,150,,Common,20,33070,,,5290,900321,900322,900323,900324,900325,1,,5290,0,0:59;1:59,83
12006,압도적인 힘의 철퇴,Weapon,,,,264,,,,270,,,,359,,,Warrior,20,92900,,,14860,900311,900312,900313,900314,900315,1,,14860,0,0:60;1:60,90
14006,파고드는 맹독의 독고저,Weapon,,,,,261,,,216,,,,,,0.015,Assassin,20,92900,,,14860,900311,900312,900313,900314,900315,1,,14860,0,0:60;1:60,90
15006,재생의 수정 지팡이,Weapon,,,,,230,,,156,7,,,,,,Wizard,20,92900,,,14860,900311,900312,900313,900314,900315,1,,14860,0,0:60;1:60,90
71013,칠흑의 고리,Ring,,1020,,62,,1,,,,,,200,,,Common,30,40460,,,6470,900471,900472,900473,900474,900475,1,,6470,0,0:61;1:61,85
72013,미스릴장식 인장,Ring,,1019,,,,,3570,153,,,,,,,Common,30,40460,,,6470,900471,900472,900473,900474,900475,1,,6470,0,0:61;1:61,85
73013,현자의 반지,Ring,,1021,,,59,,,90,,,,,200,,Common,30,40460,,,6470,900471,900472,900473,900474,900475,1,,6470,0,0:61;1:61,85
41008,칠흑의 장갑,Hand,,1020,,,,,,,,310,310,159,,0.005,Common,30,35500,,,5680,900441,900442,900443,900444,900445,1,,5680,0,0:62;1:62,86
42008,미스릴 건틀릿,Hand,,1019,,,,,1536,79,,461,461,,,,Common,30,35500,,,5680,900441,900442,900443,900444,900445,1,,5680,0,0:62;1:62,86
43008,현자의 손등싸개,Hand,,1021,,,58,,,,,201,201,,190,,Common,30,35500,,,5680,900441,900442,900443,900444,900445,1,,5680,0,0:62;1:62,86
61008,칠흑의 장화,Foot,,1020,,73,,,1200,,,319,319,,,,Common,30,36330,,,5810,900461,900462,900463,900464,900465,1,,5810,0,0:63;1:63,87
62008,미스릴 발보호대,Foot,,1019,,,,0.5,1932,,,500,500,,,,Common,30,36330,,,5810,900461,900462,900463,900464,900465,1,,5810,0,0:63;1:63,87
63008,현자의 장화,Foot,,1021,,,80,,1200,,,280,280,,,,Common,30,36330,,,5810,900461,900462,900463,900464,900465,1,,5810,0,0:63;1:63,87
31008,칠흑의 갑옷,Body,,1020,,,,,1505,,,500,500,350,,,Common,30,55760,,,8920,900431,900432,900433,900434,900435,1,,8920,0,0:64;1:64,88
32008,미스릴 흉갑,Body,,1019,,,,,2699,127,,640,640,,,,Common,30,55760,,,8920,900431,900432,900433,900434,900435,1,,8920,0,0:64;1:64,88
33008,현자의 로브,Body,,1021,,,,,,122,,320,320,,350,,Common,30,55760,,,8920,900431,900432,900433,900434,900435,1,,8920,0,0:64;1:64,88
12007,가시박힌 혈석망치,Weapon,,,,299,,,4495,,,,,420,,,Warrior,30,104870,,,16780,900411,900412,900413,900414,900415,1,,16780,0,0:65;1:65,97
13007,혈석 칼날,Weapon,,,,273,,3.75,,180,,,,,,,Assassin,30,104870,,,16780,900411,900412,900413,900414,900415,1,,16780,0,0:65;1:65,97
15007,밤의 감시자 지팡이,Weapon,,,,,231,,,,9,,,,,0.005,Wizard,30,104870,,,16780,900411,900412,900413,900414,900415,1,,16780,0,0:65;1:65,97
71014,영원한 어둠의 고리,Ring,,1020,,81,,,,,,,,250,,0.0025,Common,30,45360,,,7260,900471,900472,900473,900474,900475,1,,7260,0,0:66;1:66,90
72014,광택나는 미스릴 인장,Ring,,1019,,,,,,78,,900,900,,,,Common,30,45360,,,7260,900471,900472,900473,900474,900475,1,,7260,0,0:66;1:66,90
73014,고대 현자의 반지,Ring,,1021,,,81,,,67,2.5,,,,,,Common,30,45360,,,7260,900471,900472,900473,900474,900475,1,,7260,0,0:66;1:66,90
21008,칠흑의 두건,Head,,1020,,29,,1.5,,,,360,360,,,,Common,30,39750,,,6360,900421,900422,900423,900424,900425,1,,6360,0,0:67;1:67,91
22008,미스릴 투구,Head,,1019,,,,,1800,51,,560,560,,,,Common,30,39750,,,6360,900421,900422,900423,900424,900425,1,,6360,0,0:67;1:67,91
23008,현자의 머리장식,Head,,1021,,,40,,,,,260,260,,240,,Common,30,39750,,,6360,900421,900422,900423,900424,900425,1,,6360,0,0:67;1:67,91
41009,영원한 어둠의 손보호대,Hand,,1020,,62,,,,,,320,320,,,0.005,Common,30,40630,,,6500,900441,900442,900443,900444,900445,1,,6500,0,0:68;1:68,92
42009,광택나는 미스릴 완갑,Hand,,1019,,,,,1291,,,500,500,,,0.005,Common,30,40630,,,6500,900441,900442,900443,900444,900445,1,,6500,0,0:68;1:68,92
43009,고대 현자의 장갑,Hand,,1021,,,66,,,,2,240,240,,,,Common,30,40630,,,6500,900441,900442,900443,900444,900445,1,,6500,0,0:68;1:68,92
51009,칠흑의 바지,Pants,,1020,,57,,2,,,,400,400,,,,Common,30,55350,,,8860,900451,900452,900453,900454,900455,1,,8860,0,0:69;1:69,93
52009,미스릴 다리보호대,Pants,,1019,,,,,1448,161,,640,640,,,,Common,30,55350,,,8860,900451,900452,900453,900454,900455,1,,8860,0,0:69;1:69,93
53009,현자의 킬트,Pants,,1021,,,73,,,,,300,300,,300,,Common,30,55350,,,8860,900451,900452,900453,900454,900455,1,,8860,0,0:69;1:69,93
11007,얼어붙은 분쇄도끼,Weapon,,,,291,,3.75,,210,,,,,,,Warrior,30,117570,,,18810,900411,900412,900413,900414,900415,1,,18810,0,0:70;1:70,102
14007,와이번의 독니,Weapon,,,,,309,,3196,,,,,,584,,Assassin,30,117570,,,18810,900411,900412,900413,900414,900415,1,,18810,0,0:70;1:70,102
16007,마력 불꽃 장창,Weapon,,,,,278,,3196,,,,,,675,,Wizard,30,117570,,,18810,900411,900412,900413,900414,900415,1,,18810,0,0:70;1:70,102
71015,추적자의 고리,Ring,,1023,,60,,1,,,,,,270,,,Common,30,50540,,,8090,900471,900472,900473,900474,900475,1,,8090,0,0:71;1:71,95
72015,강화 아다만타이트 인장,Ring,,1022,,,,1,,99,,600,600,,,,Common,30,50540,,,8090,900471,900472,900473,900474,900475,1,,8090,0,0:71;1:71,95
73015,눈보라 반지,Ring,,1024,,,,,1381,,,,,,270,0.0075,Common,30,50540,,,8090,900471,900472,900473,900474,900475,1,,8090,0,0:71;1:71,95
31009,추적자의 갑옷,Body,,1023,,,,2.5,,88,,540,540,,,,Common,30,66360,,,10620,900431,900432,900433,900434,900435,1,,10620,0,0:72;1:72,96
32009,아다만타이트 가슴보호대,Body,,1022,,,,,3600,98,,720,720,,,,Common,30,66360,,,10620,900431,900432,900433,900434,900435,1,,10620,0,0:72;1:72,96
33009,눈보라 튜닉,Body,,1024,,,,,,88,4.5,480,480,,,,Common,30,66360,,,10620,900431,900432,900433,900434,900435,1,,10620,0,0:72;1:72,96
61009,추적자의 발덮개,Foot,,1023,,,,,1118,,,400,400,240,,,Common,30,45160,,,7230,900461,900462,900463,900464,900465,1,,7230,0,0:73;1:73,97
62009,아다만타이트 발보호대,Foot,,1022,,,,,1925,66,,560,560,,,,Common,30,45160,,,7230,900461,900462,900463,900464,900465,1,,7230,0,0:73;1:73,97
63009,눈보라 부츠,Foot,,1024,,,,,1118,,,360,360,,260,,Common,30,45160,,,7230,900461,900462,900463,900464,900465,1,,7230,0,0:73;1:73,97
41010,추적자의 장갑,Hand,,1023,,45,,,,,,340,340,,,0.0075,Common,30,46100,,,7380,900441,900442,900443,900444,900445,1,,7380,0,0:74;1:74,98
42010,아다만타이트 손보호대,Hand,,1022,,,,,1457,120,,480,480,,,,Common,30,46100,,,7380,900441,900442,900443,900444,900445,1,,7380,0,0:74;1:74,98
43010,눈보라 손등싸개,Hand,,1024,,,51,,,,,300,300,,,0.0075,Common,30,46100,,,7380,900441,900442,900443,900444,900445,1,,7380,0,0:74;1:74,98
12008,화염파괴자,Weapon,,,,273,,,,,,,,525,,0.02,Warrior,30,145150,,,23220,900411,900412,900413,900414,900415,1,,23220,0,0:75;1:75,110
13008,울부짖는 쥬리의 적출검,Weapon,,,,256,,2.5,,,,,,201,,0.02,Assassin,30,145150,,,23220,900411,900412,900413,900414,900415,1,,23220,0,0:75;1:75,110
15008,영생의 수정 지팡이,Weapon,,,,,246,,,,6.75,,,,,0.02,Wizard,30,145150,,,23220,900411,900412,900413,900414,900415,1,,23220,0,0:75;1:75,110
71016,달의 미소 고리,Ring,,1023,,110,,,,,,,,,,0.01,Common,30,56000,,,8960,900471,900472,900473,900474,900475,1,,8960,0,0:76;1:76,100
72016,태양의 분노 인장,Ring,,1022,,,,2.25,,,,,,,,0.01,Common,30,56000,,,8960,900471,900472,900473,900474,900475,1,,8960,0,0:76;1:76,100
73016,별의 슬픔 반지,Ring,,1024,,,110,,,,,,,,,0.01,Common,30,56000,,,8960,900471,900472,900473,900474,900475,1,,8960,0,0:76;1:76,100
51010,추적자의 다리갑옷,Pants,,1023,,42,,,,,,480,480,300,,,Common,30,65290,,,10450,900451,900452,900453,900454,900455,1,,10450,0,0:77;1:77,101
52010,아다만타이트 다리보호대,Pants,,1022,,,,,,,,640,640,,,,Common,30,65290,,,10450,900451,900452,900453,900454,900455,1,,10450,0,0:77;1:77,101
53010,눈보라 킬트,Pants,,1024,,,67,,,,3.5,420,420,,,,Common,30,65290,,,10450,900451,900452,900453,900454,900455,1,,10450,0,0:77;1:77,101
31010,달그림자 조끼,Body,,1023,,,,,1684,,,600,600,400,,,Common,30,74910,,,11990,900431,900432,900433,900434,900435,1,,11990,0,0:78;1:78,102
32010,아스트로 가슴보호대,Body,,1022,,,,,2699,149,,800,800,,,,Common,30,74910,,,11990,900431,900432,900433,900434,900435,1,,11990,0,0:78;1:78,102
33010,흩날리는 깃털 튜닉,Body,,1024,,,,,1685,,,500,500,,450,,Common,30,74910,,,11990,900431,900432,900433,900434,900435,1,,11990,0,0:78;1:78,102
21009,추적자의 두건,Head,,1023,,19,,,,,,400,400,250,,,Common,30,50920,,,8150,900421,900422,900423,900424,900425,1,,8150,0,0:79;1:79,103
22009,아다만타이트 면갑,Head,,1022,,,,1.25,917,,,600,600,,,,Common,30,50920,,,8150,900421,900422,900423,900424,900425,1,,8150,0,0:79;1:79,103
23009,눈보라 머리띠,Head,,1024,,,25,,,,,360,360,,300,,Common,30,50920,,,8150,900421,900422,900423,900424,900425,1,,8150,0,0:79;1:79,103
11008,헤비 윙 - 전장의 인도자,Weapon,,,,261,,3.75,,,,,,,,0.02,Warrior,30,145150,,,23220,900411,900412,900413,900414,900415,1,,23220,0,0:80;1:80,110
14008,원시술사의 독고저,Weapon,,,,,248,,,,,,,,600,0.02,Assassin,30,145150,,,23220,900411,900412,900413,900414,900415,1,,23220,0,0:80;1:80,110
16008,리치의 단두대,Weapon,,,,,223,,,,,,,,675,0.02,Wizard,30,145150,,,23220,900411,900412,900413,900414,900415,1,,23220,0,0:80;1:80,110
11101,친타의 영혼절단기,Weapon,1,,,439,,6,,,,,,,,0.0125,Warrior,1,,,1260,41290,909901,909901,909901,909901,909901,1,★투기장 도끼 : 캐릭터의 레벨에 따라 성장합니다.,41290,1,Gamble;Shop:2,160
13101,날카로운 세미의 칼날,Weapon,1,,,389,,4,,,,,,450,,0.0125,Assassin,1,,,1260,41290,909901,909901,909901,909901,909901,1,★투기장 단검 : 캐릭터의 레벨에 따라 성장합니다.,41290,1,Gamble;Shop:2,160
15101,불사신 샤샤의 머리,Weapon,1,,,,469,,,,9,,,,,0.0125,Wizard,1,,,1260,41290,909901,909901,909901,909901,909901,1,★투기장 지팡이 : 캐릭터의 레벨에 따라 성장합니다.,41290,1,Gamble;Shop:2,160
12101,포키의 영혼강탈자,Weapon,1,,,406,,,,,,,,1000,,0.0125,Warrior,1,,,1260,41290,909901,909901,909901,909901,909901,1,★투기장 둔기 : 캐릭터의 레벨에 따라 성장합니다.,41290,1,Gamble;Shop:2,160
14101,독오른 얀두의 손톱,Weapon,1,,,,489,,,,,,,,750,0.0125,Assassin,1,,,1260,41290,909901,909901,909901,909901,909901,1,★투기장 독단검 : 캐릭터의 레벨에 따라 성장합니다.,41290,1,Gamble;Shop:2,160
16101,폭풍감시자 검부의 깃대,Weapon,1,,,,339,,,,,,,,1200,0.0125,Wizard,1,,,1260,41290,909901,909901,909901,909901,909901,1,★투기장 마법창 : 캐릭터의 레벨에 따라 성장합니다.,41290,1,Gamble;Shop:2,160
21101,학살자의 두건,Head,1,1026,,90,,2.25,,,,513,513,,,,Common,1,,,540,19660,909901,909901,909901,909901,909901,1,★투기장투구 : 캐릭터의 레벨에 따라 성장합니다.,19660,1,Gamble;Shop:2,160
21102,사신의 두건,Head,1,1029,,77,,,,,,415,415,427,,,Common,1,,,540,19660,909901,909901,909901,909901,909901,1,★투기장투구 : 캐릭터의 레벨에 따라 성장합니다.,19660,1,Gamble;Shop:2,160
22101,불사의 투구,Head,1,1028,,,,,4500,198,,459,459,,,,Common,1,,,540,19660,909901,909901,909901,909901,909901,1,★투기장투구 : 캐릭터의 레벨에 따라 성장합니다.,19660,1,Gamble;Shop:2,160
22102,결의의 투구,Head,1,1025,,,,,1152,58,,1382,1382,,,,Common,1,,,540,19660,909901,909901,909901,909901,909901,1,★투기장투구 : 캐릭터의 레벨에 따라 성장합니다.,19660,1,Gamble;Shop:2,160
23101,무한한 지혜의 머리장식,Head,1,1027,,,94,,,,4,442,442,,,,Common,1,,,540,19660,909901,909901,909901,909901,909901,1,★투기장투구 : 캐릭터의 레벨에 따라 성장합니다.,19660,1,Gamble;Shop:2,160
23102,기나긴 겨울의 머리띠,Head,1,1030,,,82,,,,,380,380,,427,,Common,1,,,540,19660,909901,909901,909901,909901,909901,1,★투기장투구 : 캐릭터의 레벨에 따라 성장합니다.,19660,1,Gamble;Shop:2,160
31101,학살자의 조끼,Body,1,1026,,,,4,2799,,,977,977,,,,Common,1,,,720,29490,909901,909901,909901,909901,909901,1,★투기장 상의 : 캐릭터의 레벨에 따라 성장합니다.,29490,1,Gamble;Shop:2,160
31102,사신의 갑옷,Body,1,1029,,,,,2666,,,951,951,622,,,Common,1,,,720,29490,909901,909901,909901,909901,909901,1,★투기장 상의 : 캐릭터의 레벨에 따라 성장합니다.,29490,1,Gamble;Shop:2,160
32101,불사의 흉갑,Body,1,1028,,,,,6000,360,,612,612,,,,Common,1,,,720,29490,909901,909901,909901,909901,909901,1,★투기장 상의 : 캐릭터의 레벨에 따라 성장합니다.,29490,1,Gamble;Shop:2,160
32102,결의의 가슴보호대,Body,1,1025,,,,,2932,66,,1955,1955,,,,Common,1,,,720,29490,909901,909901,909901,909901,909901,1,★투기장 상의 : 캐릭터의 레벨에 따라 성장합니다.,29490,1,Gamble;Shop:2,160
33101,무한한 지혜의 로브,Body,1,1027,,,,,3432,,6.5,907,907,,,,Common,1,,,720,29490,909901,909901,909901,909901,909901,1,★투기장 상의 : 캐릭터의 레벨에 따라 성장합니다.,29490,1,Gamble;Shop:2,160
33102,기나긴 겨울의 튜닉,Body,1,1030,,,,,2587,,,907,907,,649,,Common,1,,,720,29490,909901,909901,909901,909901,909901,1,★투기장 상의 : 캐릭터의 레벨에 따라 성장합니다.,29490,1,Gamble;Shop:2,160
41101,학살자의 장갑,Hand,1,1026,,110,,,,,,678,678,,,0.0065,Common,1,,,550,20240,909901,909901,909901,909901,909901,1,★투기장 장갑 : 캐릭터의 레벨에 따라 성장합니다.,20240,1,Gamble;Shop:2,160
41102,사신의 장갑,Hand,1,1029,,,,,,,,638,638,350,,0.0065,Common,1,,,550,20240,909901,909901,909901,909901,909901,1,★투기장 장갑 : 캐릭터의 레벨에 따라 성장합니다.,20240,1,Gamble;Shop:2,160
42101,불사의 건틀릿,Hand,1,1028,,,,,3012,197,,686,686,,,,Common,1,,,550,20240,909901,909901,909901,909901,909901,1,★투기장 장갑 : 캐릭터의 레벨에 따라 성장합니다.,20240,1,Gamble;Shop:2,160
42102,결의의 완갑,Hand,1,1025,,,,,1152,46,,1417,1417,,,,Common,1,,,550,20240,909901,909901,909901,909901,909901,1,★투기장 장갑 : 캐릭터의 레벨에 따라 성장합니다.,20240,1,Gamble;Shop:2,160
43101,무한한 지혜의 장갑,Hand,1,1027,,,,,,180,3,649,649,,,,Common,1,,,550,20240,909901,909901,909901,909901,909901,1,★투기장 장갑 : 캐릭터의 레벨에 따라 성장합니다.,20240,1,Gamble;Shop:2,160
43102,기나긴 겨울의 손등싸개,Hand,1,1030,,,,,,,,496,496,,421,0.0065,Common,1,,,550,20240,909901,909901,909901,909901,909901,1,★투기장 장갑 : 캐릭터의 레벨에 따라 성장합니다.,20240,1,Gamble;Shop:2,160
51101,학살자의 다리갑옷,Pants,1,1026,,150,,,3840,,,829,829,,,,Common,1,,,660,26220,909901,909901,909901,909901,909901,1,★투기장 하의 : 캐릭터의 레벨에 따라 성장합니다.,26220,1,Gamble;Shop:2,160
51102,사신의 다리갑옷,Pants,1,1029,,,,,3840,,,750,750,489,,,Common,1,,,660,26220,909901,909901,909901,909901,909901,1,★투기장 하의 : 캐릭터의 레벨에 따라 성장합니다.,26220,1,Gamble;Shop:2,160
52101,불사의 다리보호대,Pants,1,1028,,,,,5400,290,,624,624,,,,Common,1,,,660,26220,909901,909901,909901,909901,909901,1,★투기장 하의 : 캐릭터의 레벨에 따라 성장합니다.,26220,1,Gamble;Shop:2,160
52102,결의의 다리보호대,Pants,1,1025,,,,,3840,,,1728,1728,,,,Common,1,,,660,26220,909901,909901,909901,909901,909901,1,★투기장 하의 : 캐릭터의 레벨에 따라 성장합니다.,26220,1,Gamble;Shop:2,160
53101,무한한 지혜의 킬트,Pants,1,1027,,,173,,3840,,,691,691,,,,Common,1,,,660,26220,909901,909901,909901,909901,909901,1,★투기장 하의 : 캐릭터의 레벨에 따라 성장합니다.,26220,1,Gamble;Shop:2,160
53102,기나긴 겨울의 바지,Pants,1,1030,,,,,3840,,,661,661,,533,,Common,1,,,660,26220,909901,909901,909901,909901,909901,1,★투기장 하의 : 캐릭터의 레벨에 따라 성장합니다.,26220,1,Gamble;Shop:2,160
61101,학살자의 장화,Foot,1,1026,,65,,2.25,,,,663,663,,,,Common,1,,,540,19660,909901,909901,909901,909901,909901,1,★투기장 신발 : 캐릭터의 레벨에 따라 성장합니다.,19660,1,Gamble;Shop:2,160
61102,사신의 장화,Foot,1,1029,,66,,,,,,530,530,400,,,Common,1,,,540,19660,909901,909901,909901,909901,909901,1,★투기장 신발 : 캐릭터의 레벨에 따라 성장합니다.,19660,1,Gamble;Shop:2,160
62101,불사의 발보호대,Foot,1,1028,,,,,4032,202,,517,517,,,,Common,1,,,540,19660,909901,909901,909901,909901,909901,1,★투기장 신발 : 캐릭터의 레벨에 따라 성장합니다.,19660,1,Gamble;Shop:2,160
62102,결의의 발보호대,Foot,1,1025,,,,,1728,52,,1313,1313,,,,Common,1,,,540,19660,909901,909901,909901,909901,909901,1,★투기장 신발 : 캐릭터의 레벨에 따라 성장합니다.,19660,1,Gamble;Shop:2,160
63101,무한한 지혜의 장화,Foot,1,1027,,,105,,,,3.25,516,516,,,,Common,1,,,540,19660,909901,909901,909901,909901,909901,1,★투기장 신발 : 캐릭터의 레벨에 따라 성장합니다.,19660,1,Gamble;Shop:2,160
63102,기나긴 겨울의 장화,Foot,1,1030,,,94,,,,,415,415,,373,,Common,1,,,540,19660,909901,909901,909901,909901,909901,1,★투기장 신발 : 캐릭터의 레벨에 따라 성장합니다.,19660,1,Gamble;Shop:2,160
71101,학살자의 고리,Ring,1,1026,,126,,2.5,,,,,,,,0.0085,Common,1,,,600,22940,909901,909901,909901,909901,909901,1,★투기장 반지 : 캐릭터의 레벨에 따라 성장합니다.,22940,1,Gamble;Shop:2,160
71102,사신의 고리,Ring,1,1029,,105,,,,,,,,438,,0.0085,Common,1,,,600,22940,909901,909901,909901,909901,909901,1,★투기장 반지 : 캐릭터의 레벨에 따라 성장합니다.,22940,1,Gamble;Shop:2,160
72101,불사의 인장,Ring,1,1028,,,,,6451,349,,,,,,,Common,1,,,600,22940,909901,909901,909901,909901,909901,1,★투기장 반지 : 캐릭터의 레벨에 따라 성장합니다.,22940,1,Gamble;Shop:2,160
72102,결의의 인장,Ring,1,1025,,,,,,168,,1512,1512,,,,Common,1,,,600,22940,909901,909901,909901,909901,909901,1,★투기장 반지 : 캐릭터의 레벨에 따라 성장합니다.,22940,1,Gamble;Shop:2,160
73101,무한한 지혜의 반지,Ring,1,1027,,,145,,,202,3,,,,,,Common,1,,,600,22940,909901,909901,909901,909901,909901,1,★투기장 반지 : 캐릭터의 레벨에 따라 성장합니다.,22940,1,Gamble;Shop:2,160
73102,기나긴 겨울의 반지,Ring,1,1030,,,134,,,,,,,,350,0.0085,Common,1,,,600,22940,909901,909901,909901,909901,909901,1,★투기장 반지 : 캐릭터의 레벨에 따라 성장합니다.,22940,1,Gamble;Shop:2,160
80001,악몽의 조각상,Accessories,1,,,,,,790,40,,,,,,0.002,Common,1,,,,690,909801,909801,909801,909801,909801,1,,690,0,Gamble;Defence,20
80002,나쁜 기억의 조각상,Accessories,1,,,,,,1030,52,,,,,,0.0023,Common,1,,,,940,909801,909801,909801,909801,909801,1,,940,0,Gamble;Defence,25
80003,허무한 꿈의 조각상,Accessories,1,,,,,,1270,64,,,,,,0.0026,Common,1,,,,1260,909801,909801,909801,909801,909801,1,,1260,0,Gamble;Defence,30
80004,마을 주민의 조각상,Accessories,1,,,,,,1520,77,,,,,,0.0028,Common,1,,,,1630,909801,909801,909801,909801,909801,1,,1630,0,Gamble;Defence,35
80005,희미한 기억의 조각상,Accessories,1,,,,,,1690,85,,,,,,0.0035,Common,1,,,,2050,909801,909801,909801,909801,909801,1,,2050,0,Gamble;Defence,40
80006,실의의 조각상,Accessories,1,,,,,,1830,91,,,,,,0.0047,Common,1,,,,2640,909801,909801,909801,909801,909801,1,,2640,0,Gamble;Defence,46
80007,슬픔의 조각상,Accessories,1,,,,,,1950,98,,,,,,0.0059,Common,1,,,,3310,909801,909801,909801,909801,909801,1,,3310,0,Gamble;Defence,52
80008,문지기의 조각상,Accessories,1,,,,,,2240,104,,,,,,0.0066,Common,1,,,,4070,909801,909801,909801,909801,909801,1,,4070,0,Gamble;Defence,58
80009,한탄의 조각상,Accessories,1,,,,,,2480,107,,,,,,0.0077,Common,1,,,,5050,909801,909801,909801,909801,909801,1,,5050,0,Gamble;Defence,64
80010,용기의 조각상,Accessories,1,,,,,,2660,123,,,,,,0.0085,Common,1,,,,6140,909801,909801,909801,909801,909801,1,,6140,0,Gamble;Defence,71
80011,수호병의 조각상,Accessories,1,,,,,,2790,123,,,,,,0.0103,Common,1,,,,7350,909801,909801,909801,909801,909801,1,,7350,0,Gamble;Defence,78
80012,얼어붙은 마음의 조각상,Accessories,1,,,,,,2940,137,,,,,,0.0113,Common,1,,,,8860,909801,909801,909801,909801,909801,1,,8860,0,Gamble;Defence,85
80013,다시 부는 바람의 조각상,Accessories,1,,,,,,3250,153,,,,,,0.0121,Common,1,,,,10530,909801,909801,909801,909801,909801,1,,10530,0,Gamble;Defence,93
80014,수비대장의 조각상,Accessories,1,,,,,,3280,166,,,,,,0.0138,Common,1,,,,12330,909801,909801,909801,909801,909801,1,,12330,0,Gamble;Defence,101
80015,분노의 조각상,Accessories,1,,,,,,3340,181,,,,,,0.0157,Common,1,,,,14540,909801,909801,909801,909801,909801,1,,14540,0,Gamble;Defence,110
80016,상급 용사의 조각상,Accessories,1,,,,,,3490,194,,,,,,0.0173,Common,1,,,,16930,909801,909801,909801,909801,909801,1,,16930,0,Gamble;Defence,119
80017,용맹의 조각상,Accessories,1,,,,,,3800,204,,,,,,0.0187,Common,1,,,,19810,909801,909801,909801,909801,909801,1,,19810,0,Gamble;Defence,128
80018,지휘관의 조각상,Accessories,1,,,,,,4120,216,,,,,,0.0203,Common,1,,,,22910,909801,909801,909801,909801,909801,1,,22910,0,Gamble;Defence,138
80019,희망의 조각상,Accessories,1,,,,,,4560,227,,,,,,0.0217,Common,1,,,,26590,909801,909801,909801,909801,909801,1,,26590,0,Gamble;Defence,148
80020,부풀어 오른 꿈의 조각상,Accessories,1,,,,,,4890,250,,,,,,0.023,Common,1,,,,30540,909801,909801,909801,909801,909801,1,,30540,0,Gamble;Defence,159
80021,환희의 조각상,Accessories,1,,,,,,5080,283,,,,,,0.0241,Common,1,,,,35170,909801,909801,909801,909801,909801,1,,35170,0,Gamble;Defence,170
80022,전율의 조각상,Accessories,1,,,,,,5540,305,,,,,,0.0255,Common,1,,,,40550,909801,909801,909801,909801,909801,1,,40550,0,Gamble;Defence,182
80023,영광의 조각상,Accessories,1,,,,,,6170,327,,,,,,0.0267,Common,1,,,,46320,909801,909801,909801,909801,909801,1,,46320,0,Gamble;Defence,195
80024,완전무결한 조각상,Accessories,1,,,,,,6930,323,,,,,,0.0289,Common,1,,,,52970,909801,909801,909801,909801,909801,1,,52970,0,Gamble;Defence,208
91001,미스릴 중갑,C_Body,,,,,,,0.07,,,,,,,,Warrior,1,,180,,36000,,,,,,1,튼튼해 보입니다.,,0,,0
91002,부족의 방패,C_Body,,,,,,,0.07,,,,,,,,Warrior,1,,180,,36000,,,,,,1,부족 전통 의상 - 어울리는 녀석들이 있어요.,,0,,0
91003,힙합 워리어,C_Body,,,,,,,0.07,,,,,,,,Warrior,1,,180,,36000,,,,,,1,말로 공격!!,,0,,0
91004,원시 설인,C_Body,,,,,,,0.07,,,,,,,,Warrior,1,,180,,36000,,,,,,1,원시 모습 그대로~,,0,,0
91005,강철의 빅풋,C_Body,,,,,,,0.07,,,,,,,,Warrior,1,,180,,36000,,,,,,1,날 수 있을 것 같은 착각,,0,,0
91006,투우사,C_Body,,,,,,,0.07,,,,,,,,Warrior,1,,180,,36000,,,,,,1,워~ 워~,,0,,0
91007,바다의 난폭자,C_Body,,,,,,,0.07,,,,,,,,Warrior,1,,180,,36000,,,,,,1,아주 난폭합니다.,,0,,0
91008,맛의 달인,C_Body,,,,,,,0.07,,,,,,,,Warrior,1,,180,,36000,,,,,,1,생선 요리 전문가,,0,,0
91009,발빠르고 강력한 용사,C_Body,,,,,,,0.07,,,,,,,,Warrior,1,,180,,36000,,,,,,1,발빠른 용사의 증명,,0,,0
91010,마족의 힘,C_Body,,,,,,,0.08,,,,,,,,Warrior,1,,200,,40000,,,,,,1,엄청난 힘은 느껴만 집니다.,,0,,0
91011,전설의 무거운 발,C_Body,,,,,,,0.07,,,,,,,,Warrior,1,,180,,36000,,,,,,1,전설급 용사의 증거!!,,0,,0
91016,겨울 남자의 외투,C_Body,,,,,,,0.07,,,,,,,,Warrior,1,,180,,36000,,,,,,1,선물을 줄 것 같은 착시효과!,,0,,0
91101,미스릴 경갑,C_Body,,,,,,,0.07,,,,,,,,Assassin,1,,180,,36000,,,,,,1,날렵해 보입니다.,,0,,0
91102,부족의 창,C_Body,,,,,,,0.07,,,,,,,,Assassin,1,,180,,36000,,,,,,1,부족 전통 의상 - 어울리는 녀석들이 있어요.,,0,,0
91103,큐티 프리티,C_Body,,,,,,,0.07,,,,,,,,Assassin,1,,180,,36000,,,,,,1,응??,,0,,0
91104,밤고양이,C_Body,,,,,,,0.07,,,,,,,,Assassin,1,,180,,36000,,,,,,1,밤에 오는 손님,,0,,0
91105,숲의 군주,C_Body,,,,,,,0.07,,,,,,,,Assassin,1,,180,,36000,,,,,,1,숲에서만 보호색,,0,,0
91106,삐에로,C_Body,,,,,,,0.07,,,,,,,,Assassin,1,,180,,36000,,,,,,1,웃는게 웃는게 아니야!,,0,,0
91107,악명 높은 여해적,C_Body,,,,,,,0.07,,,,,,,,Assassin,1,,180,,36000,,,,,,1,까칠한 성격! 조심…조심..,,0,,0
91108,고풍스런 멋,C_Body,,,,,,,0.07,,,,,,,,Assassin,1,,180,,36000,,,,,,1,한복 처럼 보이는?,,0,,0
91109,발빠르고 날렵한 용사,C_Body,,,,,,,0.07,,,,,,,,Assassin,1,,180,,36000,,,,,,1,발빠른 용사의 증명,,0,,0
91110,마족의 날카로움,C_Body,,,,,,,0.08,,,,,,,,Assassin,1,,200,,40000,,,,,,1,엄청난 날카로움은 느껴만 집니다.,,0,,0
91111,전설의 빠른 발,C_Body,,,,,,,0.07,,,,,,,,Assassin,1,,180,,36000,,,,,,1,전설급 용사의 증거!!,,0,,0
91116,겨울 아가씨의 외투,C_Body,,,,,,,0.07,,,,,,,,Assassin,1,,180,,36000,,,,,,1,선물을 줄 것 같은 착시효과!,,0,,0
91201,미스릴 로브,C_Body,,,,,,,0.07,,,,,,,,Wizard,1,,180,,36000,,,,,,1,뭔가 느껴집니다.,,0,,0
91202,부족의 현자,C_Body,,,,,,,0.07,,,,,,,,Wizard,1,,180,,36000,,,,,,1,부족 전통 의상 - 어울리는 녀석들이 있어요.,,0,,0
91203,뉴요커,C_Body,,,,,,,0.07,,,,,,,,Wizard,1,,180,,36000,,,,,,1,음..,,0,,0
91204,백색의 간달브,C_Body,,,,,,,0.07,,,,,,,,Wizard,1,,180,,36000,,,,,,1,어디선가 본 듯한 착각?,,0,,0
91205,바다의 수배자,C_Body,,,,,,,0.07,,,,,,,,Wizard,1,,180,,36000,,,,,,1,현상금이 붙어있는 할아버지,,0,,0
91206,마도사,C_Body,,,,,,,0.07,,,,,,,,Wizard,1,,180,,36000,,,,,,1,우리 할아버지가 달라졌어요!,,0,,0
91207,용기사,C_Body,,,,,,,0.07,,,,,,,,Wizard,1,,180,,36000,,,,,,1,용(비늘)기사,,0,,0
91208,부활한 고대인,C_Body,,,,,,,0.07,,,,,,,,Wizard,1,,180,,36000,,,,,,1,많이 아파 보입니다.,,0,,0
91209,발빠르고 지혜로운 용사,C_Body,,,,,,,0.07,,,,,,,,Wizard,1,,180,,36000,,,,,,1,발빠른 용사의 증명,,0,,0
91210,마족의 지략,C_Body,,,,,,,0.08,,,,,,,,Wizard,1,,200,,40000,,,,,,1,엄청난 지략은 느껴만 집니다.,,0,,0
91211,전설의 지혜로운 발,C_Body,,,,,,,0.07,,,,,,,,Wizard,1,,180,,36000,,,,,,1,전설급 용사의 증거!!,,0,,0
91216,겨울 할아버지의 외투,C_Body,,,,,,,0.07,,,,,,,,Wizard,1,,180,,36000,,,,,,1,선물을 줄 것 같은 착시효과!,,0,,0
92001,통기타,C_Back,,,,0.07,0.07,,,,,,,,,,Common,1,,180,,36000,,,,,,1,누군가를 위한 달콤한 연주..,,0,,0
92002,부족 토템,C_Back,,,,0.07,0.07,,,,,,,,,,Common,1,,180,,36000,,,,,,1,꿈의 산유물 - 부족 전통 토템,,0,,0
92003,백색의 날개,C_Back,,,,0.07,0.07,,,,,,,,,,Common,1,,180,,36000,,,,,,1,날 수는 없어요!,,0,,0
92004,안전제일 곡괭이,C_Back,,,,0.07,0.07,,,,,,,,,,Common,1,,180,,36000,,,,,,1,힘 좀 쓰실래요?,,0,,0
92005,동방 무사의 검,C_Back,,,,0.07,0.07,,,,,,,,,,Common,1,,180,,36000,,,,,,1,이걸 뽑는 순간?!,,0,,0
92006,전설급 용사의 날개장식,C_Back,,,,0.07,0.07,,,,,,,,,,Common,1,,180,,36000,,,,,,1,전설급 용사의 증거!!,,0,,0
92007,악마의 날개,C_Back,,,,0.08,0.08,,,,,,,,,,Common,1,,200,,40000,,,,,,1,날 수 있다면 정말 좋겠지만..,,0,,0
92008,선물꾸러미,C_Back,,,,0.07,0.07,,,,,,,,,,Common,1,,180,,36000,,,,,,1,선물은 메고만 다녀요.,,0,,0
92009,겨울 축제용 장식,C_Back,,,,0.08,0.08,,,,,,,,,,Common,1,,200,,40000,,,,,,1,몸은 무겁지만 마음은 가벼워요.,,0,,0
92010,엄청나게 큰 테엽,C_Back,,,,0.07,0.07,,,,,,,,,,Common,1,,180,,36000,,,,,,1,거대한 인형을 움직이게 하는 장치,,0,,0
92011,해적의 장총,C_Back,,,,0.07,0.07,,,,,,,,,,Common,1,,180,,36000,,,,,,1,난폭한 해적들이 등에 메고 다니는 장총,,0,,0
93001,서부 모자,C_Head,,,,,,,,,,0.07,0.07,,,,Common,1,,180,,36000,,,,,,1,총잡이 들이 즐겨 썼다는 그 모자,,0,,0
93002,부족 가면,C_Head,,,,,,,,,,0.07,0.07,,,,Common,1,,180,,36000,,,,,,1,꿈의 산유물 - 부족 전통 가면,,0,,0
93003,날개 머리띠,C_Head,,,,,,,,,,0.07,0.07,,,,Common,1,,180,,36000,,,,,,1,머리가 가벼워 지는 느낌,,0,,0
93004,안전제일 모자,C_Head,,,,,,,,,,0.07,0.07,,,,Common,1,,180,,36000,,,,,,1,안전이 제일이죠!,,0,,0
93005,그냥 나뭇잎,C_Head,,,,,,,,,,0.07,0.07,,,,Common,1,,180,,36000,,,,,,1,입에 자꾸 물게 되는 이유는?,,0,,0
93006,전설급 용사의 머리장식,C_Head,,,,,,,,,,0.07,0.07,,,,Common,1,,180,,36000,,,,,,1,전설급 용사의 증거!!,,0,,0
93007,악마의 뿔,C_Head,,,,,,,,,,0.08,0.08,,,,Common,1,,200,,40000,,,,,,1,악마의 날카로운 뿔!!,,0,,0
93008,겨울용 털모자,C_Head,,,,,,,,,,0.07,0.07,,,,Common,1,,180,,36000,,,,,,1,귀를 덮을 수 없다는 치명적인 단점!,,0,,0
93009,붉은코 사슴뿔,C_Head,,,,,,,,,,0.08,0.08,,,,Common,1,,200,,40000,,,,,,1,코가 밝다는 그녀석의 뿔!,,0,,0
93010,만능 프로펠러,C_Head,,,,,,,,,,0.07,0.07,,,,Common,1,,180,,36000,,,,,,1,머리위에 달아두면 하늘을 나는 기분!,,0,,0
93011,해적 모자,C_Head,,,,,,,,,,0.07,0.07,,,,Common,1,,180,,36000,,,,,,1,난폭한 해적들이 쓰고 다니는 모자,,0,,0
93900,빛의 수호자 투구,C_Head,,,1000,,,,,,,0.07,0.07,,,,Warrior,1,,,,,,,,,,1,,,0,,0
93901,암흑 기사 투구,C_Head,,,1001,,,,,,,0.07,0.07,,,,Warrior,1,,,,,,,,,,1,,,0,,0
93902,죽음의 기사 투구,C_Head,,,1002,,,,,,,0.07,0.07,,,,Warrior,1,,,,,,,,,,1,,,0,,0
93903,학살자 투구,C_Head,,,1003,,,,,,,0.07,0.07,,,,Warrior,1,,,,,,,,,,1,,,0,,0
91900,빛의 수호자 갑옷,C_Body,,,1000,,,,0.07,,,,,,,,Warrior,1,,,,,,,,,,1,,,0,,0
91901,암흑 기사 갑옷,C_Body,,,1001,,,,0.07,,,,,,,,Warrior,1,,,,,,,,,,1,,,0,,0
91902,죽음의 기사 갑옷,C_Body,,,1002,,,,0.07,,,,,,,,Warrior,1,,,,,,,,,,1,,,0,,0
91903,학살자 갑옷,C_Body,,,1003,,,,0.07,,,,,,,,Warrior,1,,,,,,,,,,1,,,0,,0
92900,빛의 수호자 날개,C_Back,,,1000,0.07,0.07,,,,,,,,,,Warrior,1,,,,,,,,,,1,,,0,,0
92901,암흑 기사 날개,C_Back,,,1001,0.07,0.07,,,,,,,,,,Warrior,1,,,,,,,,,,1,,,0,,0
92902,죽음의 기사 날개,C_Back,,,1002,0.07,0.07,,,,,,,,,,Warrior,1,,,,,,,,,,1,,,0,,0
92903,학살자 날개,C_Back,,,1003,0.07,0.07,,,,,,,,,,Warrior,1,,,,,,,,,,1,,,0,,0
93904,빛의 수호자 투구,C_Head,,,1004,,,,,,,0.07,0.07,,,,Assassin,1,,,,,,,,,,1,,,0,,0
93905,암흑 기사 투구,C_Head,,,1005,,,,,,,0.07,0.07,,,,Assassin,1,,,,,,,,,,1,,,0,,0
93906,죽음의 기사 투구,C_Head,,,1006,,,,,,,0.07,0.07,,,,Assassin,1,,,,,,,,,,1,,,0,,0
93907,학살자 투구,C_Head,,,1007,,,,,,,0.07,0.07,,,,Assassin,1,,,,,,,,,,1,,,0,,0
91904,빛의 수호자 갑옷,C_Body,,,1004,,,,0.07,,,,,,,,Assassin,1,,,,,,,,,,1,,,0,,0
91905,암흑 기사 갑옷,C_Body,,,1005,,,,0.07,,,,,,,,Assassin,1,,,,,,,,,,1,,,0,,0
91906,죽음의 기사 갑옷,C_Body,,,1006,,,,0.07,,,,,,,,Assassin,1,,,,,,,,,,1,,,0,,0
91907,학살자 갑옷,C_Body,,,1007,,,,0.07,,,,,,,,Assassin,1,,,,,,,,,,1,,,0,,0
92904,빛의 수호자 날개,C_Back,,,1004,0.07,0.07,,,,,,,,,,Assassin,1,,,,,,,,,,1,,,0,,0
92905,암흑 기사 날개,C_Back,,,1005,0.07,0.07,,,,,,,,,,Assassin,1,,,,,,,,,,1,,,0,,0
92906,죽음의 기사 날개,C_Back,,,1006,0.07,0.07,,,,,,,,,,Assassin,1,,,,,,,,,,1,,,0,,0
92907,학살자 날개,C_Back,,,1007,0.07,0.07,,,,,,,,,,Assassin,1,,,,,,,,,,1,,,0,,0
93908,빛의 수호자 투구,C_Head,,,1008,,,,,,,0.07,0.07,,,,Wizard,1,,,,,,,,,,1,,,0,,0
93909,암흑 기사 투구,C_Head,,,1009,,,,,,,0.07,0.07,,,,Wizard,1,,,,,,,,,,1,,,0,,0
93910,죽음의 기사 투구,C_Head,,,1010,,,,,,,0.07,0.07,,,,Wizard,1,,,,,,,,,,1,,,0,,0
93911,학살자 투구,C_Head,,,1011,,,,,,,0.07,0.07,,,,Wizard,1,,,,,,,,,,1,,,0,,0
91908,빛의 수호자 갑옷,C_Body,,,1008,,,,0.07,,,,,,,,Wizard,1,,,,,,,,,,1,,,0,,0
91909,암흑 기사 갑옷,C_Body,,,1009,,,,0.07,,,,,,,,Wizard,1,,,,,,,,,,1,,,0,,0
91910,죽음의 기사 갑옷,C_Body,,,1010,,,,0.07,,,,,,,,Wizard,1,,,,,,,,,,1,,,0,,0
91911,학살자 갑옷,C_Body,,,1011,,,,0.07,,,,,,,,Wizard,1,,,,,,,,,,1,,,0,,0
92908,빛의 수호자 날개,C_Back,,,1008,0.07,0.07,,,,,,,,,,Wizard,1,,,,,,,,,,1,,,0,,0
92909,암흑 기사 날개,C_Back,,,1009,0.07,0.07,,,,,,,,,,Wizard,1,,,,,,,,,,1,,,0,,0
92910,죽음의 기사 날개,C_Back,,,1010,0.07,0.07,,,,,,,,,,Wizard,1,,,,,,,,,,1,,,0,,0
92911,학살자 날개,C_Back,,,1011,0.07,0.07,,,,,,,,,,Wizard,1,,,,,,,,,,1,,,0,,0
71017,강한 생명의 인장,Ring,,1031,,,,,4500,180,,297,297,,,,Common,40,80640,,,12900,900171,900172,900173,900174,900175,1,,12900,0,2:1,118
72017,해방된 힘의 고리,Ring,,1032,,105,,1.75,,,,,,,,0.006,Common,40,80640,,,12900,900171,900172,900173,900174,900175,1,,12900,0,2:1,118
73017,강한 마력의 반지,Ring,,1033,,,105,,,120,2.9,,,,,,Common,40,80640,,,12900,900171,900172,900173,900174,900175,1,,12900,0,2:1,118
21010,강한 생명의 투구,Head,,1031,,,,,3900,100,,418,418,,,,Common,40,92160,,,14750,900121,900122,900123,900124,900125,1,,14750,0,2:2,118
22010,해방된 힘의 두건,Head,,1032,,70,,1.75,,,,351,351,,,,Common,40,92160,,,14750,900121,900122,900123,900124,900125,1,,14750,0,2:2,118
23010,강한 마력의 머리띠,Head,,1033,,,80,,,,2.5,366,366,,,,Common,40,92160,,,14750,900121,900122,900123,900124,900125,1,,14750,0,2:2,118
31011,강한 생명의 갑옷,Body,,1031,,,,,4200,110,,984,984,,,,Common,40,103680,,,16590,900131,900132,900133,900134,900135,1,,16590,0,2:3,118
32011,해방된 힘의 조끼,Body,,1032,,,,2.5,3751,,,631,631,,,,Common,40,103680,,,16590,900131,900132,900133,900134,900135,1,,16590,0,2:3,118
33011,강한 마력의 로브,Body,,1033,,,,,3000,,5,594,594,,,,Common,40,103680,,,16590,900131,900132,900133,900134,900135,1,,16590,0,2:3,118
41011,강한 생명의 장갑,Hand,,1031,,,,,2700,73,,671,671,,,,Common,40,69120,,,11060,900141,900142,900143,900144,900145,1,,11060,0,2:4,118
42011,해방된 힘의 장갑,Hand,,1032,,75,,,1800,,,576,576,,,,Common,40,69120,,,11060,900141,900142,900143,900144,900145,1,,11060,0,2:4,118
43011,강한 마력의 장갑,Hand,,1033,,,84,,1500,,,567,567,,,,Common,40,69120,,,11060,900141,900142,900143,900144,900145,1,,11060,0,2:4,118
71018,균형잡힌 생명의 인장,Ring,,1031,,,,,2250,240,,455,455,,,,Common,40,80640,,,12900,900171,900172,900173,900174,900175,1,,12900,0,2:5,118
72018,균형잡힌 힘의 고리,Ring,,1032,,75,,1,,,,,,200,,0.006,Common,40,80640,,,12900,900171,900172,900173,900174,900175,1,,12900,0,2:5,118
73018,꿰뚫는 마력의 반지,Ring,,1033,,,125,,,,,,,,201,0.006,Common,40,80640,,,12900,900171,900172,900173,900174,900175,1,,12900,0,2:5,118
51011,강한 생명의 바지,Pants,,1031,,,,,3600,100,,888,888,,,,Common,40,92160,,,14750,900151,900152,900153,900154,900155,1,,14750,0,2:6,118
52011,해방된 힘의 다리보호대,Pants,,1032,,101,,,3150,,,559,559,,,,Common,40,92160,,,14750,900151,900152,900153,900154,900155,1,,14750,0,2:6,118
53011,강한 마력의 킬트,Pants,,1033,,,115,,2700,,,553,553,,,,Common,40,92160,,,14750,900151,900152,900153,900154,900155,1,,14750,0,2:6,118
61010,강한 생명의 부츠,Foot,,1031,,,,,2700,90,,621,621,,,,Common,40,69120,,,11060,900161,900162,900163,900164,900165,1,,11060,0,2:7,118
62010,해방된 힘의 장화,Foot,,1032,,95,,,2100,,,411,411,,,,Common,40,69120,,,11060,900161,900162,900163,900164,900165,1,,11060,0,2:7,118
63010,강한 마력의 발보호대,Foot,,1033,,,102,,1875,,,406,406,,,,Common,40,69120,,,11060,900161,900162,900163,900164,900165,1,,11060,0,2:7,118
21011,균형잡힌 생명의 투구,Head,,1031,,,,,1200,90,,846,846,,,,Common,40,92160,,,14750,900121,900122,900123,900124,900125,1,,14750,0,2:8,118
22011,균형잡힌 힘의 두건,Head,,1032,,60,,,,,,376,376,280,,,Common,40,92160,,,14750,900121,900122,900123,900124,900125,1,,14750,0,2:8,118
23011,균형잡힌 마력의 머리띠,Head,,1033,,,68,,,,,288,288,,300,,Common,40,92160,,,14750,900121,900122,900123,900124,900125,1,,14750,0,2:8,118
31012,균형잡힌 생명의 갑옷,Body,,1031,,,,,3751,60,,1201,1201,,,,Common,40,103680,,,16590,900131,900132,900133,900134,900135,1,,16590,0,2:9,118
32012,균형잡힌 힘의 조끼,Body,,1032,,,,,3151,,,841,841,315,,,Common,40,103680,,,16590,900131,900132,900133,900134,900135,1,,16590,0,2:9,118
33012,균형잡힌 마력의 로브,Body,,1033,,,,,2850,,,797,797,,360,,Common,40,103680,,,16590,900131,900132,900133,900134,900135,1,,16590,0,2:9,118
11009,야만전사의 분쇄도끼,Weapon,,,,323,,4,,,,,,,,0.0125,Warrior,40,145150,,,23220,900111,900112,900113,900114,900115,1,,23220,0,2:10,120
13009,날카로운 톱니칼날,Weapon,,,,319,,1.75,,,,,,350,,0.0125,Assassin,40,145150,,,23220,900111,900112,900113,900114,900115,1,,23220,0,2:10,120
15009,샘솟는 마력의 지팡이,Weapon,,,,,343,,,,6,,,,,0.0125,Wizard,40,145150,,,23220,900111,900112,900113,900114,900115,1,,23220,0,2:10,120
71019,강철제국의 인장,Ring,,1034,,,,,1350,80,,1070,1070,,,,Common,40,80640,,,12900,900171,900172,900173,900174,900175,1,,12900,0,2:11,120
72019,예리한 칼날 고리,Ring,,1035,,105,,,,,,,,262,,0.006,Common,40,80640,,,12900,900171,900172,900173,900174,900175,1,,12900,0,2:11,120
73019,혹한의 반지,Ring,,1036,,,110,,,,,,,,246,0.006,Common,40,80640,,,12900,900171,900172,900173,900174,900175,1,,12900,0,2:11,120
41012,강철제국의 건틀릿,Hand,,1034,,,,,4050,120,,328,328,,,,Common,40,69120,,,11060,900141,900142,900143,900144,900145,1,,11060,0,2:12,120
42012,예리한 칼날 손보호대,Hand,,1035,,65,,2,,,,306,306,,,,Common,40,69120,,,11060,900141,900142,900143,900144,900145,1,,11060,0,2:12,120
43012,혹한의 장갑,Hand,,1036,,,69,,,,3.5,251,251,,,,Common,40,69120,,,11060,900141,900142,900143,900144,900145,1,,11060,0,2:12,120
51012,강철제국의 다리보호대,Pants,,1034,,,,,2700,140,,903,903,,,,Common,40,92160,,,14750,900151,900152,900153,900154,900155,1,,14750,0,2:13,120
52012,예리한 칼날 바지,Pants,,1035,,92,,1.75,,,,569,569,,,,Common,40,92160,,,14750,900151,900152,900153,900154,900155,1,,14750,0,2:13,120
53012,혹한의 킬트,Pants,,1036,,,115,,,,4,398,398,,,,Common,40,92160,,,14750,900151,900152,900153,900154,900155,1,,14750,0,2:13,120
21012,강철제국의 면갑,Head,,1034,,,,,4050,160,,208,208,,,,Common,40,92160,,,14750,900121,900122,900123,900124,900125,1,,14750,0,2:14,120
22012,예리한 칼날 투구,Head,,1035,,95,,,,,,166,166,280,,,Common,40,92160,,,14750,900121,900122,900123,900124,900125,1,,14750,0,2:14,120
23012,혹한의 머리장식,Head,,1036,,,92,,,,,144,144,,300,,Common,40,92160,,,14750,900121,900122,900123,900124,900125,1,,14750,0,2:14,120
71020,라이오넷의 강철 인장,Ring,,1034,,,,,,70,,1302,1302,,,,Common,40,80640,,,12900,900171,900172,900173,900174,900175,1,,12900,0,2:15,120
72020,날카로운 칼날 고리,Ring,,1035,,93,,1.25,,,,,,290,,,Common,40,80640,,,12900,900171,900172,900173,900174,900175,1,,12900,0,2:15,120
73020,얼어붙은 반지,Ring,,1036,,,79,,,,2.5,,,,295,,Common,40,80640,,,12900,900171,900172,900173,900174,900175,1,,12900,0,2:15,120
31013,라이오넷의 강철 갑옷,Body,,1034,,,,,2400,100,,1284,1284,,,,Common,40,103680,,,16590,900131,900132,900133,900134,900135,1,,16590,0,2:16,120
32013,예리한 칼날 조끼,Body,,1035,,,,2,,,,584,584,380,,,Common,40,103680,,,16590,900131,900132,900133,900134,900135,1,,16590,0,2:16,120
33013,혹한의 로브,Body,,1036,,,,,,,4.5,524,524,,410,,Common,40,103680,,,16590,900131,900132,900133,900134,900135,1,,16590,0,2:16,120
41013,라이오넷의 강철 건틀릿,Hand,,1034,,,,,4500,150,,171,171,,,,Common,40,69120,,,11060,900141,900142,900143,900144,900145,1,,11060,0,2:17,120
42013,날카로운 칼날 손보호대,Hand,,1035,,107,,,,,,267,267,,,0.0075,Common,40,69120,,,11060,900141,900142,900143,900144,900145,1,,11060,0,2:17,120
43013,얼어붙은 장갑,Hand,,1036,,,110,,,,,252,252,,,0.0075,Common,40,69120,,,11060,900141,900142,900143,900144,900145,1,,11060,0,2:17,120
51013,라이오넷의 강철 다리갑옷,Pants,,1034,,,,,,200,,1128,1128,,,,Common,40,92160,,,14750,900151,900152,900153,900154,900155,1,,14750,0,2:18,120
52013,날카로운 칼날 바지,Pants,,1035,,,,2,,,,462,462,300,,,Common,40,92160,,,14750,900151,900152,900153,900154,900155,1,,14750,0,2:18,120
53013,얼어붙은 킬트,Pants,,1036,,,,,,,4,357,357,,300,,Common,40,92160,,,14750,900151,900152,900153,900154,900155,1,,14750,0,2:18,120
61011,강철제국의 발보호대,Foot,,1034,,,,,1800,50,,876,876,,,,Common,40,69120,,,11060,900161,900162,900163,900164,900165,1,,11060,0,2:19,120
62011,예리한 칼날 발덮개,Foot,,1035,,95,,,,,,206,206,260,,,Common,40,69120,,,11060,900161,900162,900163,900164,900165,1,,11060,0,2:19,120
63011,혹한의 부츠,Foot,,1036,,,102,,,,,147,147,,315,,Common,40,69120,,,11060,900161,900162,900163,900164,900165,1,,11060,0,2:19,120
12009,해방된 힘의 분쇄망치,Weapon,,,,323,,,,,,,,600,,0.0125,Warrior,40,145150,,,23220,900111,900112,900113,900114,900115,1,,23220,0,2:20,120
14009,제사장의 칼날,Weapon,,,,,343,,,,,,,,540,0.0125,Assassin,40,145150,,,23220,900111,900112,900113,900114,900115,1,,23220,0,2:20,120
16009,마력깃든 타크의 뿔,Weapon,,,,,313,,,,,,,,630,0.0125,Wizard,40,145150,,,23220,900111,900112,900113,900114,900115,1,,23220,0,2:20,120
71021,절제된 힘의 인장,Ring,,1037,,,,,1898,63,,412,2041,,,,Common,40,102060,,,16330,900271,900272,900273,900274,900275,1,,16330,0,2:21,135
72021,얍삽한 자의 고리,Ring,,1038,,135,,,,,,,,209,,0.0079,Common,40,102060,,,16330,900271,900272,900273,900274,900275,1,,16330,0,2:21,135
73021,영롱한 마력의 반지,Ring,,1039,,,141,,,,,,,,190,0.0079,Common,40,102060,,,16330,900271,900272,900273,900274,900275,1,,16330,0,2:21,135
21013,절제된 힘의 투구,Head,,1037,,,,,2848,,,1031,1031,,,,Common,40,116640,,,18660,900221,900222,900223,900224,900225,1,,18660,0,2:22,135
22013,얍삽한 자의 두건,Head,,1038,,,,1.58,,,,477,477,253,,,Common,40,116640,,,18660,900221,900222,900223,900224,900225,1,,18660,0,2:22,135
23013,영롱한 마력의 머리장식,Head,,1039,,,,,,,3,424,424,,247,,Common,40,116640,,,18660,900221,900222,900223,900224,900225,1,,18660,0,2:22,135
61012,절제된 힘의 발보호대,Foot,,1037,,,,,4746,158,,271,271,,,,Common,40,87480,,,14000,900261,900262,900263,900264,900265,1,,14000,0,2:23,135
62012,얍삽한 자의 장화,Foot,,1038,,132,,1.58,,,,191,191,,,,Common,40,87480,,,14000,900261,900262,900263,900264,900265,1,,14000,0,2:23,135
63012,영롱한 마력의 부츠,Foot,,1039,,,144,,,,2.5,147,147,,,,Common,40,87480,,,14000,900261,900262,900263,900264,900265,1,,14000,0,2:23,135
21014,억누른 힘의 면갑,Head,,1037,,,,,1187,,,1280,1280,,,,Common,40,116640,,,18660,900221,900222,900223,900224,900225,1,,18660,0,2:24,135
22014,야비한 자의 두건,Head,,1038,,76,,,,,,1002,1002,,,,Common,40,116640,,,18660,900221,900222,900223,900224,900225,1,,18660,0,2:24,135
23014,신비한 마력의 머리띠,Head,,1039,,,86,,,,,944,944,,,,Common,40,116640,,,18660,900221,900222,900223,900224,900225,1,,18660,0,2:24,135
71022,억누른 힘의 인장,Ring,,1037,,,,,5606,287,,,,,,,Common,40,102060,,,16330,900271,900272,900273,900274,900275,1,,16330,0,2:25,135
72022,야비한 자의 고리,Ring,,1038,,152,,,,,,,,,,0.0132,Common,40,102060,,,16330,900271,900272,900273,900274,900275,1,,16330,0,2:25,135
73022,신비한 마력의 반지,Ring,,1039,,,152,,,,,,,,,0.0132,Common,40,102060,,,16330,900271,900272,900273,900274,900275,1,,16330,0,2:25,135
31014,절제된 힘의 갑옷,Body,,1037,,,,,5062,,,1428,1428,,,,Common,40,131220,,,21000,900231,900232,900233,900234,900235,1,,21000,0,2:26,135
32014,얍삽한 자의 조끼,Body,,1038,,,,,2847,,,1085,1085,337,,,Common,40,131220,,,21000,900231,900232,900233,900234,900235,1,,21000,0,2:26,135
33014,영롱한 마력의 튜닉,Body,,1039,,,,,2374,,,1072,1072,,380,,Common,40,131220,,,21000,900231,900232,900233,900234,900235,1,,21000,0,2:26,135
41014,절제된 힘의 건틀릿,Hand,,1037,,,,,,211,,508,508,,,0.0053,Common,40,87480,,,14000,900241,900242,900243,900244,900245,1,,14000,0,2:27,135
42014,얍삽한 자의 장갑,Hand,,1038,,85,,,,,,318,318,,,0.0105,Common,40,87480,,,14000,900241,900242,900243,900244,900245,1,,14000,0,2:27,135
43014,영롱한 마력의 손등싸개,Hand,,1039,,,90,,,,,287,287,,,0.0105,Common,40,87480,,,14000,900241,900242,900243,900244,900245,1,,14000,0,2:27,135
51014,절제된 힘의 다리갑옷,Pants,,1037,,,,,1899,253,,899,899,,,,Common,40,116640,,,18660,900251,900252,900253,900254,900255,1,,18660,0,2:28,135
52014,얍삽한 자의 바지,Pants,,1038,,,,,1424,,,845,845,443,,,Common,40,116640,,,18660,900251,900252,900253,900254,900255,1,,18660,0,2:28,135
53014,영롱한 마력의 바지,Pants,,1039,,,,,1187,,,817,817,,474,,Common,40,116640,,,18660,900251,900252,900253,900254,900255,1,,18660,0,2:28,135
61013,억누른 힘의 발보호대,Foot,,1037,,,,,2848,243,,302,302,,,,Common,40,87480,,,14000,900261,900262,900263,900264,900265,1,,14000,0,2:29,135
62013,야비한 자의 부츠,Foot,,1038,,122,,,2848,,,302,302,,,,Common,40,87480,,,14000,900261,900262,900263,900264,900265,1,,14000,0,2:29,135
63013,신비한 마력의 신발,Foot,,1039,,,122,,2848,,,302,302,,,,Common,40,87480,,,14000,900261,900262,900263,900264,900265,1,,14000,0,2:29,135
11010,도살자의 도끼,Weapon,,,,386,,4.22,,,,,,,,0.0132,Warrior,40,183710,,,29390,900261,900262,900263,900264,900265,1,,29390,0,2:30,135
13010,추적자의 단검,Weapon,,,,338,,2.64,,,,,,462,,0.0105,Assassin,40,183710,,,29390,900261,900262,900263,900264,900265,1,,29390,0,2:30,135
15010,불멸의 지팡이,Weapon,,,,,387,,,,7,,,,,0.0132,Wizard,40,183710,,,29390,900261,900262,900263,900264,900265,1,,29390,0,2:30,135
71023,광신자의 인장,Ring,,1040,,,,,,,,1701,1701,,,,Common,40,102060,,,16330,900271,900272,900273,900274,900275,1,,16330,0,2:31,135
72023,거짓된 진실의 고리,Ring,,1041,,74,,,,,,,,234,,0.0132,Common,40,102060,,,16330,900271,900272,900273,900274,900275,1,,16330,0,2:31,135
73023,뒤틀린 믿음의 반지,Ring,,1042,,,79,,,,,,,,218,0.0132,Common,40,102060,,,16330,900271,900272,900273,900274,900275,1,,16330,0,2:31,135
31015,광신자의 가슴보호대,Body,,1040,,,,,5695,291,,461,461,,,,Common,40,131220,,,21000,900231,900232,900233,900234,900235,1,,21000,0,2:32,135
32015,거짓된 진실의 갑옷,Body,,1041,,,,3.69,4272,,,439,439,,,,Common,40,131220,,,21000,900231,900232,900233,900234,900235,1,,21000,0,2:32,135
33015,뒤틀린 믿음의 로브,Body,,1042,,,,,3906,,6.5,431,431,,,,Common,40,131220,,,21000,900231,900232,900233,900234,900235,1,,21000,0,2:32,135
41015,광신자의 건틀릿,Hand,,1040,,,,,3005,245,,272,272,,,,Common,40,87480,,,14000,900241,900242,900243,900244,900245,1,,14000,0,2:33,135
42015,거짓된 진실의 장갑,Hand,,1041,,,,2.53,,,,225,225,,,0.0079,Common,40,87480,,,14000,900241,900242,900243,900244,900245,1,,14000,0,2:33,135
43015,뒤틀린 믿음의 장갑,Hand,,1042,,,,,2226,,5,224,224,,,,Common,40,87480,,,14000,900241,900242,900243,900244,900245,1,,14000,0,2:33,135
21015,광신자의 면갑,Head,,1040,,,,,3955,228,,180,180,,,,Common,40,116640,,,18660,900221,900222,900223,900224,900225,1,,18660,0,2:34,135
22015,거짓된 진실의 투구,Head,,1041,,,,,2025,,,437,437,359,,,Common,40,116640,,,18660,900221,900222,900223,900224,900225,1,,18660,0,2:34,135
23015,뒤틀린 믿음의 두건,Head,,1042,,,,,1961,,,404,404,,380,,Common,40,116640,,,18660,900221,900222,900223,900224,900225,1,,18660,0,2:34,135
71024,광신도의 인장,Ring,,1040,,,,,2373,,,1973,792,,,,Common,40,102060,,,16330,900271,900272,900273,900274,900275,1,,16330,0,2:35,135
72024,위선의 고리,Ring,,1041,,46,,1.58,,,,,,,,0.0158,Common,40,102060,,,16330,900271,900272,900273,900274,900275,1,,16330,0,2:35,135
73024,뒤틀린 희망의 반지,Ring,,1042,,,45,,,,,,,,243,0.0158,Common,40,102060,,,16330,900271,900272,900273,900274,900275,1,,16330,0,2:35,135
31016,광신도의 흉갑,Body,,1040,,,,,1786,,,1919,1919,,,,Common,40,131220,,,21000,900231,900232,900233,900234,900235,1,,21000,0,2:36,135
32016,위선의 갑옷,Body,,1041,,,,,1786,,,1286,1286,316,,,Common,40,131220,,,21000,900231,900232,900233,900234,900235,1,,21000,0,2:36,135
33016,뒤틀린 희망의 튜닉,Body,,1042,,,,,1786,,,1329,1329,,295,,Common,40,131220,,,21000,900231,900232,900233,900234,900235,1,,21000,0,2:36,135
41016,광신도의 완갑,Hand,,1040,,,,,1898,53,,1015,1015,,,,Common,40,87480,,,14000,900241,900242,900243,900244,900245,1,,14000,0,2:37,135
42016,위선의 장갑,Hand,,1041,,,,,,,,888,888,285,,,Common,40,87480,,,14000,900241,900242,900243,900244,900245,1,,14000,0,2:37,135
43016,뒤틀린 희망의 장갑,Hand,,1042,,,,,,,,888,888,,285,,Common,40,87480,,,14000,900241,900242,900243,900244,900245,1,,14000,0,2:37,135
51015,광신자의 다리보호대,Pants,,1040,,,,,4400,189,,719,719,,,,Common,40,116640,,,18660,900251,900252,900253,900254,900255,1,,18660,0,2:38,135
52015,거짓된 진실의 바지,Pants,,1041,,153,,,2531,,,646,646,,,,Common,40,116640,,,18660,900251,900252,900253,900254,900255,1,,18660,0,2:38,135
53015,뒤틀린 믿음의 바지,Pants,,1042,,,156,,2452,,,639,639,,,,Common,40,116640,,,18660,900251,900252,900253,900254,900255,1,,18660,0,2:38,135
61014,광신자의 발보호대,Foot,,1040,,,,,1898,101,,869,869,,,,Common,40,87480,,,14000,900261,900262,900263,900264,900265,1,,14000,0,2:39,135
62014,거짓된 진실의 발덮개,Foot,,1041,,,,,1898,,,793,793,190,,,Common,40,87480,,,14000,900261,900262,900263,900264,900265,1,,14000,0,2:39,135
63014,뒤틀린 믿음의 장화,Foot,,1042,,,,,1898,,,783,783,,195,,Common,40,87480,,,14000,900261,900262,900263,900264,900265,1,,14000,0,2:39,135
12010,고대 전투철퇴,Weapon,,,,342,,,,,,,,844,,0.0105,Warrior,40,183710,,,29390,900261,900262,900263,900264,900265,1,,29390,0,2:40,135
14010,부두술사의 단검,Weapon,,,,,397,,,,,,,,759,0.0079,Assassin,40,183710,,,29390,900261,900262,900263,900264,900265,1,,29390,0,2:40,135
16010,심해 감시자의 눈,Weapon,,,,,316,,,,,,,,949,0.0105,Wizard,40,183710,,,29390,900261,900262,900263,900264,900265,1,,29390,0,2:40,135
71025,강한 의지의 인장,Ring,,1043,,,,,5107,264,,,,,,0.0055,Common,40,126000,,,20160,900371,900372,900373,900374,900375,1,,20160,0,2:41,150
72025,강철 쐐기 고리,Ring,,1044,,,,,4150,187,,,,353,,,Common,40,126000,,,20160,900371,900372,900373,900374,900375,1,,20160,0,2:41,150
73025,넘치는 마력의 반지,Ring,,1045,,,,,4003,165,,,,,397,,Common,40,126000,,,20160,900371,900372,900373,900374,900375,1,,20160,0,2:41,150
51016,강한 의지의 다리보호대,Pants,,1043,,,,,3368,,,1655,1655,,,,Common,40,144000,,,23040,900351,900352,900353,900354,900355,1,,23040,0,2:42,150
52016,강철 쐐기 다리갑옷,Pants,,1044,,168,,,,,,1153,1153,,,,Common,40,144000,,,23040,900351,900352,900353,900354,900355,1,,23040,0,2:42,150
53016,넘치는 마력의 킬트,Pants,,1045,,,172,,,,,1126,1126,,,,Common,40,144000,,,23040,900351,900352,900353,900354,900355,1,,23040,0,2:42,150
61015,강한 의지의 발보호대,Foot,,1043,,,,,1977,,,1323,1323,,,,Common,40,108000,,,17280,900361,900362,900363,900364,900365,1,,17280,0,2:43,150
62015,강철 쐐기 장화,Foot,,1044,,115,,,1886,,,649,649,,,,Common,40,108000,,,17280,900361,900362,900363,900364,900365,1,,17280,0,2:43,150
63015,넘치는 마력의 신발,Foot,,1045,,,119,,1853,,,628,628,,,,Common,40,108000,,,17280,900361,900362,900363,900364,900365,1,,17280,0,2:43,150
21016,강한 의지의 투구,Head,,1043,,,,,2713,260,,433,433,,,,Common,40,144000,,,23040,900321,900322,900323,900324,900325,1,,23040,0,2:44,150
22016,강철 쐐기 두건,Head,,1044,,107,,,2713,,,572,572,,,,Common,40,144000,,,23040,900321,900322,900323,900324,900325,1,,23040,0,2:44,150
23016,넘치는 마력의 머리띠,Head,,1045,,,109,,2713,,,558,558,,,,Common,40,144000,,,23040,900321,900322,900323,900324,900325,1,,23040,0,2:44,150
71026,굳센 의지의 인장,Ring,,1043,,,,,,214,,1247,1247,,,,Common,40,126000,,,20160,900371,900372,900373,900374,900375,1,,20160,0,2:45,150
72026,꿰뚫는 쐐기 고리,Ring,,1044,,,,,,189,,,,413,,0.0083,Common,40,126000,,,20160,900371,900372,900373,900374,900375,1,,20160,0,2:45,150
73026,넘쳐나는 마력의 반지,Ring,,1045,,,,,,114,4,,,,413,,Common,40,126000,,,20160,900371,900372,900373,900374,900375,1,,20160,0,2:45,150
31017,강한 의지의 흉갑,Body,,1043,,,,,6618,309,,510,510,,,,Common,40,162000,,,25920,900331,900332,900333,900334,900335,1,,25920,0,2:46,150
32017,강철 쐐기 조끼,Body,,1044,,,,3.31,6618,,,445,445,,,,Common,40,162000,,,25920,900331,900332,900333,900334,900335,1,,25920,0,2:46,150
33017,넘치는 마력의 로브,Body,,1045,,,,,6618,,5.5,447,447,,,,Common,40,162000,,,25920,900331,900332,900333,900334,900335,1,,25920,0,2:46,150
41017,강한 의지의 손보호대,Hand,,1043,,,,,5294,,,826,826,,,,Common,40,108000,,,17280,900341,900342,900343,900344,900345,1,,17280,0,2:47,150
42017,강철 쐐기 장갑,Hand,,1044,,137,,,,,,872,800,,,,Common,40,108000,,,17280,900341,900342,900343,900344,900345,1,,17280,0,2:47,150
43017,넘치는 마력의 손등싸개,Hand,,1045,,,141,,,,,774,774,,,,Common,40,108000,,,17280,900341,900342,900343,900344,900345,1,,17280,0,2:47,150
51017,굳센 의지의 다리보호대,Pants,,1043,,,,,3168,245,,950,950,,,,Common,40,144000,,,23040,900351,900352,900353,900354,900355,1,,23040,0,2:48,150
52017,꿰뚫는 쐐기 바지,Pants,,1044,,146,,2.21,,,,624,624,,,,Common,40,144000,,,23040,900351,900352,900353,900354,900355,1,,23040,0,2:48,150
53017,넘쳐나는 마력의 킬트,Pants,,1045,,,158,,,,3.5,584,584,,,,Common,40,144000,,,23040,900351,900352,900353,900354,900355,1,,23040,0,2:48,150
61016,굳센 의지의 발보호대,Foot,,1043,,,,,2867,203,,582,582,,,,Common,40,108000,,,17280,900361,900362,900363,900364,900365,1,,17280,0,2:49,150
62016,꿰뚫는 쐐기 장화,Foot,,1044,,100,,,,,,400,400,309,,,Common,40,108000,,,17280,900361,900362,900363,900364,900365,1,,17280,0,2:49,150
63016,넘쳐나는 마력의 부츠,Foot,,1045,,,101,,,,,372,372,,320,,Common,40,108000,,,17280,900361,900362,900363,900364,900365,1,,17280,0,2:49,150
11011,무자비의 도끼,Weapon,,,,424,,4.96,,,,,,,,0.0138,Warrior,40,226800,,,36290,900361,900362,900363,900364,900365,1,,36290,0,2:50,150
13011,바람의 숨결,Weapon,,,,358,,2.76,,,,,,529,,0.0138,Assassin,40,226800,,,36290,900361,900362,900363,900364,900365,1,,36290,0,2:50,150
15011,고대 주술 지팡이,Weapon,,,,,477,,,,6.5,,,,,0.0138,Wizard,40,226800,,,36290,900361,900362,900363,900364,900365,1,,36290,0,2:50,150
71027,상급 용사의 인장,Ring,,1046,,,,,,315,,945,945,,,,Common,40,126000,,,20160,900371,900372,900373,900374,900375,1,,20160,0,2:51,150
72027,감시자의 고리,Ring,,1047,,126,,,,,,567,567,284,,,Common,40,126000,,,20160,900371,900372,900373,900374,900375,1,,20160,0,2:51,150
73027,울부짖는 마력의 반지,Ring,,1048,,,135,,,,,454,454,,312,,Common,40,126000,,,20160,900371,900372,900373,900374,900375,1,,20160,0,2:51,150
21017,상급 용사의 면갑,Head,,1046,,,,1.1,,218,,634,634,,,,Common,40,144000,,,23040,900321,900322,900323,900324,900325,1,,23040,0,2:52,150
22017,감시자의 두건,Head,,1047,,,,,,157,,486,486,331,,,Common,40,144000,,,23040,900321,900322,900323,900324,900325,1,,23040,0,2:52,150
23017,울부짖는 마력의 머리띠,Head,,1048,,,,,,150,,486,486,,342,,Common,40,144000,,,23040,900321,900322,900323,900324,900325,1,,23040,0,2:52,150
31018,상급 용사의 가슴보호대,Body,,1046,,,,,,397,,1238,1238,,,,Common,40,162000,,,25920,900331,900332,900333,900334,900335,1,,25920,0,2:53,150
32018,감시자의 조끼,Body,,1047,,,,,,274,,762,762,423,,,Common,40,162000,,,25920,900331,900332,900333,900334,900335,1,,25920,0,2:53,150
33018,울부짖는 마력의 로브,Body,,1048,,,,,,300,,670,670,,430,,Common,40,162000,,,25920,900331,900332,900333,900334,900335,1,,25920,0,2:53,150
21018,상급 전사의 투구,Head,,1046,,,,,2592,,,1231,1231,,,,Common,40,144000,,,23040,900321,900322,900323,900324,900325,1,,23040,0,2:54,150
22018,안개속 감시자의 투구,Head,,1047,,97,,,,,,1037,1037,,,,Common,40,144000,,,23040,900321,900322,900323,900324,900325,1,,23040,0,2:54,150
23018,마력의 메아리 머리장식,Head,,1048,,,97,,,,,1037,1037,,,,Common,40,144000,,,23040,900321,900322,900323,900324,900325,1,,23040,0,2:54,150
71028,상급 전사의 인장,Ring,,1046,,,,,3150,142,,,1985,,,,Common,40,126000,,,20160,900371,900372,900373,900374,900375,1,,20160,0,2:55,150
72028,안개속 감시자의 고리,Ring,,1047,,150,,,,, ,,1985,,,,Common,40,126000,,,20160,900371,900372,900373,900374,900375,1,,20160,0,2:55,150
73028,마력의 메아리 반지,Ring,,1048,,,150,,,,,,1985,,,,Common,40,126000,,,20160,900371,900372,900373,900374,900375,1,,20160,0,2:55,150
31019,상급 전사의 흉갑,Body,,1046,,,,,3240,,,1944,1944,,,,Common,40,162000,,,25920,900331,900332,900333,900334,900335,1,,25920,0,2:56,150
32019,안개속 감시자의 갑옷,Body,,1047,,,,,,,,1750,1750,340,,,Common,40,162000,,,25920,900331,900332,900333,900334,900335,1,,25920,0,2:56,150
33019,마력의 메아리 튜닉,Body,,1048,,,,,,,,1750,1750,,340,,Common,40,162000,,,25920,900331,900332,900333,900334,900335,1,,25920,0,2:56,150
41018,상급 용사의 완갑,Hand,,1046,,,,,2700,135,,810,810,,,,Common,40,108000,,,17280,900341,900342,900343,900344,900345,1,,17280,0,2:57,150
42018,감시자의 손보호대,Hand,,1047,,,,,,,,648,648,238,,0.0083,Common,40,108000,,,17280,900341,900342,900343,900344,900345,1,,17280,0,2:57,150
43018,울부짖는 마력의 장갑,Hand,,1048,,,,,,,,616,616,,254,0.0083,Common,40,108000,,,17280,900341,900342,900343,900344,900345,1,,17280,0,2:57,150
51018,상급 용사의 다리보호대,Pants,,1046,,,,,3120,305,,778,778,,,,Common,40,144000,,,23040,900351,900352,900353,900354,900355,1,,23040,0,2:58,150
52018,감시자의 바지,Pants,,1047,,137,,,,,,588,588,375,,,Common,40,144000,,,23040,900351,900352,900353,900354,900355,1,,23040,0,2:58,150
53018,울부짖는 마력의 킬트,Pants,,1048,,,141,,,,,562,562,,375,,Common,40,144000,,,23040,900351,900352,900353,900354,900355,1,,23040,0,2:58,150
61017,상급 용사의 발덮개,Foot,,1046,,,,,2700,135,,810,810,,,,Common,40,108000,,,17280,900361,900362,900363,900364,900365,1,,17280,0,2:59,150
62017,감시자의 부츠,Foot,,1047,,79,,1.65,,,,648,648,,,,Common,40,108000,,,17280,900361,900362,900363,900364,900365,1,,17280,0,2:59,150
63017,울부짖는 마력의 장화,Foot,,1048,,,87,,,,2.5,583,583,,,,Common,40,108000,,,17280,900361,900362,900363,900364,900365,1,,17280,0,2:59,150
12011,무자비의 철퇴,Weapon,,,,387,,,,,,,,937,,0.011,Warrior,40,226800,,,36290,900361,900362,900363,900364,900365,1,,36290,0,2:60,150
14011,고대 주술단검,Weapon,,,,,433,,,,,,,,717,0.0138,Assassin,40,226800,,,36290,900361,900362,900363,900364,900365,1,,36290,0,2:60,150
16011,심해 감시자의 촉수,Weapon,,,,,347,,,,,,,,1059,0.011,Wizard,40,226800,,,36290,900361,900362,900363,900364,900365,1,,36290,0,2:60,150
71029,맹신의 인장,Ring,,1049,,,,,4916,275,,,,,,0.0086,Common,40,152460,,,24390,900471,900472,900473,900474,900475,1,,24390,0,2:61,165
72029,칼바람 고리,Ring,,1050,,146,,2.29,,,,,,,,0.0086,Common,40,152460,,,24390,900471,900472,900473,900474,900475,1,,24390,0,2:61,165
73029,깨달음의 반지,Ring,,1051,,,156,,,,3.5,,,,,0.0086,Common,40,152460,,,24390,900471,900472,900473,900474,900475,1,,24390,0,2:61,165
41019,맹신의 손보호대,Hand,,1049,,,,,2270,183,,891,891,,,,Common,40,130680,,,20910,900441,900442,900443,900444,900445,1,,20910,0,2:62,165
42019,칼바람 장갑,Hand,,1050,,,,2,,,,836,836,,,0.0057,Common,40,130680,,,20910,900441,900442,900443,900444,900445,1,,20910,0,2:62,165
43019,깨달음의 손등싸개,Hand,,1051,,,,,,,3.5,831,831,,,0.0057,Common,40,130680,,,20910,900441,900442,900443,900444,900445,1,,20910,0,2:62,165
51019,맹신의 다리보호대,Pants,,1049,,,,,7104,192,,734,734,,,,Common,40,174240,,,27880,900451,900452,900453,900454,900455,1,,27880,0,2:63,165
52019,칼바람 바지,Pants,,1050,,137,,,5500,,,727,727,,,,Common,40,174240,,,27880,900451,900452,900453,900454,900455,1,,27880,0,2:63,165
53019,깨달음의 킬트,Pants,,1051,,,137,,5500,,,727,727,,,,Common,40,174240,,,27880,900451,900452,900453,900454,900455,1,,27880,0,2:63,165
21019,맹신의 면갑,Head,,1049,,,,,4514,190,,535,535,,,,Common,40,174240,,,27880,900421,900422,900423,900424,900425,1,,27880,0,2:64,165
22019,칼바람 두건,Head,,1050,,,,2.29,3987,,,496,496,,,,Common,40,174240,,,27880,900421,900422,900423,900424,900425,1,,27880,0,2:64,165
23019,깨달음의 머리장식,Head,,1051,,,,,3749,,4,500,500,,,,Common,40,174240,,,27880,900421,900422,900423,900424,900425,1,,27880,0,2:64,165
71030,맹목적인 믿음의 인장,Ring,,1049,,,,,5839,,,688,688,,,0.0086,Common,40,152460,,,24390,900471,900472,900473,900474,900475,1,,24390,0,2:65,165
72030,칼날 바람 고리,Ring,,1050,,,,,5839,,,,,344,,0.0086,Common,40,152460,,,24390,900471,900472,900473,900474,900475,1,,24390,0,2:65,165
73030,깨우침의 반지,Ring,,1051,,,,,5839,,,,,,344,0.0086,Common,40,152460,,,24390,900471,900472,900473,900474,900475,1,,24390,0,2:65,165
31020,맹신의 가슴보호대,Body,,1049,,,,,6761,311,,724,724,,,,Common,40,196020,,,31360,900431,900432,900433,900434,900435,1,,31360,0,2:66,165
32020,칼바람 갑옷,Body,,1050,,,,4.01,3781,,,902,902,,,,Common,40,196020,,,31360,900431,900432,900433,900434,900435,1,,31360,0,2:66,165
33020,깨달음의 로브,Body,,1051,,,,,4145,,6,971,971,,,,Common,40,196020,,,31360,900431,900432,900433,900434,900435,1,,31360,0,2:66,165
41020,맹목적인 믿음의 완갑,Hand,,1049,,,,,1188,,,1604,1604,,,,Common,40,130680,,,20910,900441,900442,900443,900444,900445,1,,20910,0,2:67,165
42020,칼날 바람 손보호대,Hand,,1050,,,,,,,,579,579,344,,0.0086,Common,40,130680,,,20910,900441,900442,900443,900444,900445,1,,20910,0,2:67,165
43020,깨우침의 장갑,Hand,,1051,,,,,,,,579,579,,344,0.0086,Common,40,130680,,,20910,900441,900442,900443,900444,900445,1,,20910,0,2:67,165
51020,맹목적인 믿음의 바지,Pants,,1049,,,,,3485,,,1853,1853,,,,Common,40,174240,,,27880,900451,900452,900453,900454,900455,1,,27880,0,2:68,165
52020,칼날 바람 바지,Pants,,1050,,,,,2376,,,1195,1195,412,,,Common,40,174240,,,27880,900451,900452,900453,900454,900455,1,,27880,0,2:68,165
53020,깨우침의 킬트,Pants,,1051,,,,,2376,,,1149,1149,,435,,Common,40,174240,,,27880,900451,900452,900453,900454,900455,1,,27880,0,2:68,165
61018,맹신의 발보호대,Foot,,1049,,,,,6195,55,,687,687,,,,Common,40,130680,,,20910,900461,900462,900463,900464,900465,1,,20910,0,2:69,165
62018,칼바람 장화,Foot,,1050,,69,,2.29,,,,682,682,,,,Common,40,130680,,,20910,900461,900462,900463,900464,900465,1,,20910,0,2:69,165
63018,깨달음의 부츠,Foot,,1051,,,78,,,,3.5,682,682,,,,Common,40,130680,,,20910,900461,900462,900463,900464,900465,1,,20910,0,2:69,165
11012,아스트로 - 집행자,Weapon,,,,454,,5.73,,,,,,,,0.015,Warrior,40,274430,,,43910,900461,900462,900463,900464,900465,1,,43910,0,2:70,165
13012,부르타키욘 - 용의 이빨,Weapon,,,,407,,2.87,,,,,,573,,0.015,Assassin,40,274430,,,43910,900461,900462,900463,900464,900465,1,,43910,0,2:70,165
15012,헬리온 - 고대인의 지팡이,Weapon,,,,,471,,,,9,,,,,0.015,Wizard,40,274430,,,43910,900461,900462,900463,900464,900465,1,,43910,0,2:70,165
71031,골든플레이트 인장,Ring,,1052,,,,,2444,271,,,,,,0.015,Common,40,152460,,,24390,900471,900472,900473,900474,900475,1,,24390,0,2:71,165
72031,징벌의 고리,Ring,,1053,,61,,,,271,,,,,,0.015,Common,40,152460,,,24390,900471,900472,900473,900474,900475,1,,24390,0,2:71,165
73031,꿰뚫는 냉기의 반지,Ring,,1054,,,61,,,271,,,,,,0.015,Common,40,152460,,,24390,900471,900472,900473,900474,900475,1,,24390,0,2:71,165
21020,골든플레이트 면갑,Head,,1052,,,,,3575,227,,565,565,,,,Common,40,174240,,,27880,900421,900422,900423,900424,900425,1,,27880,0,2:72,165
22020,징벌의 두건,Head,,1053,,97,,2,,,,596,596,,,,Common,40,174240,,,27880,900421,900422,900423,900424,900425,1,,27880,0,2:72,165
23020,꿰뚫는 냉기의 머리띠,Head,,1054,,,97,,,,4,578,578,,,,Common,40,174240,,,27880,900421,900422,900423,900424,900425,1,,27880,0,2:72,165
61019,골든플레이트 발보호대,Foot,,1052,,,,,1611,55,,1375,1375,,,,Common,40,130680,,,20910,900461,900462,900463,900464,900465,1,,20910,0,2:73,165
62019,징벌의 부츠,Foot,,1053,,63,,,,,,716,716,344,,,Common,40,130680,,,20910,900461,900462,900463,900464,900465,1,,20910,0,2:73,165
63019,꿰뚫는 냉기의 장화,Foot,,1054,,,80,,,,,613,613,,344,,Common,40,130680,,,20910,900461,900462,900463,900464,900465,1,,20910,0,2:73,165
21021,강화된 플레이트 투구,Head,,1052,,,,,1307,53,,1426,1426,,,,Common,40,174240,,,27880,900421,900422,900423,900424,900425,1,,27880,0,2:74,165
22021,토벌의 두건,Head,,1053,,97,,,,,,372,372,412,,,Common,40,174240,,,27880,900421,900422,900423,900424,900425,1,,27880,0,2:74,165
23021,꿰뚫는 혹한의 머리장식,Head,,1054,,,97,,,,,350,350,,424,,Common,40,174240,,,27880,900421,900422,900423,900424,900425,1,,27880,0,2:74,165
71032,강화된 플레이트 인장,Ring,,1052,,,,,,,,1179,1179,,,0.015,Common,40,152460,,,24390,900471,900472,900473,900474,900475,1,,24390,0,2:75,165
72032,토벌의 고리,Ring,,1053,,61,,,,,,,,406,,0.015,Common,40,152460,,,24390,900471,900472,900473,900474,900475,1,,24390,0,2:75,165
73032,꿰뚫는 혹한의 반지,Ring,,1054,,,61,,,,,,,,406,0.015,Common,40,152460,,,24390,900471,900472,900473,900474,900475,1,,24390,0,2:75,165
31021,골든플레이트 갑옷,Body,,1052,,,,,2750,51,,2108,2108,,,,Common,40,196020,,,31360,900431,900432,900433,900434,900435,1,,31360,0,2:76,165
32021,징벌의 조끼,Body,,1053,,,,,2235,,,1054,1054,642,,,Common,40,196020,,,31360,900431,900432,900433,900434,900435,1,,31360,0,2:76,165
33021,꿰뚫는 냉기의 튜닉,Body,,1054,,,,,2235,,,1054,1054,,642,,Common,40,196020,,,31360,900431,900432,900433,900434,900435,1,,31360,0,2:76,165
41021,골든플레이트 완갑,Hand,,1052,,,,,4469,,,424,424,,,0.0115,Common,40,130680,,,20910,900441,900442,900443,900444,900445,1,,20910,0,2:77,165
42021,징벌의 장갑,Hand,,1053,,126,,,,,,337,337,,,0.0115,Common,40,130680,,,20910,900441,900442,900443,900444,900445,1,,20910,0,2:77,165
43021,꿰뚫는 냉기의 손등싸개,Hand,,1054,,,132,,,,,303,303,,,0.0115,Common,40,130680,,,20910,900441,900442,900443,900444,900445,1,,20910,0,2:77,165
51021,골든플레이트 다리갑옷,Pants,,1052,,,,,5156,311,,669,669,,,,Common,40,174240,,,27880,900451,900452,900453,900454,900455,1,,27880,0,2:78,165
52021,징벌의 바지,Pants,,1053,,179,,,4468,,,634,634,,,,Common,40,174240,,,27880,900451,900452,900453,900454,900455,1,,27880,0,2:78,165
53021,꿰뚫는 냉기의 킬트,Pants,,1054,,,185,,4468,,,593,593,,,,Common,40,174240,,,27880,900451,900452,900453,900454,900455,1,,27880,0,2:78,165
61020,강화된 플레이트 발보호대,Foot,,1052,,,,,2801,225,,687,687,,,,Common,40,130680,,,20910,900461,900462,900463,900464,900465,1,,20910,0,2:79,165
62020,토벌의 장화,Foot,,1053,,,,,2750,,,683,683,344,,,Common,40,130680,,,20910,900461,900462,900463,900464,900465,1,,20910,0,2:79,165
63020,꿰뚫는 혹한의 부츠,Foot,,1054,,,,,2750,,,683,683,,344,,Common,40,130680,,,20910,900461,900462,900463,900464,900465,1,,20910,0,2:79,165
12012,미하란츠 - 고대인의 테엽,Weapon,,,,416,,,,,,,,974,,0.015,Warrior,40,274430,,,43910,900461,900462,900463,900464,900465,1,,43910,0,2:80,165
14012,카르티카 - 고대 주술단검,Weapon,,,,,473,,,,,,,,802,0.015,Assassin,40,274430,,,43910,900461,900462,900463,900464,900465,1,,43910,0,2:80,165
16012,리부타 - 용의 구슬,Weapon,,,,,370,,,,,,,,1111,0.015,Wizard,40,274430,,,43910,900461,900462,900463,900464,900465,1,,43910,0,2:80,165
11201,유물 - 톱니도끼,Weapon,,,,55,,0.6,,,,,,,,0.0012,Warrior,1,,160,,1400,,,,,,1,누군가에 의해 잘 다듬어진 고대 도끼,1400,0,,18
13201,유물 - 톱니단검,Weapon,,,,55,,0.36,,,,,,36,,0.0012,Assassin,1,,160,,1400,,,,,,1,누군가에 의해 잘 다듬어진 고대 단검,1400,0,,18
15201,유물 - 마법 지팡이,Weapon,,,,,56,,,,0.96,,,,,0.0012,Wizard,1,,160,,1400,,,,,,1,누군가에 의해 잘 다듬어진 고대 지팡이,1400,0,,18
12201,유물 - 전투망치,Weapon,,,,53,,,,,,,,96,,0.0012,Warrior,1,,160,,1400,,,,,,1,누군가에 의해 잘 다듬어진 고대 망치,1400,0,,18
14201,유물 - 주술용 단검,Weapon,,,,,53,,,,,,,,96,0.0012,Assassin,1,,160,,1400,,,,,,1,누군가에 의해 잘 다듬어진 고대 독단검,1400,0,,18
16201,유물 - 마법 장창,Weapon,,,,,51,,,,,,,,102,0.0012,Wizard,1,,160,,1400,,,,,,1,누군가에 의해 잘 다듬어진 고대 마법창,1400,0,,18
11202,유물 - 분쇄도끼,Weapon,,,,90,,0.96,,,,,,,,0.0024,Warrior,10,,240,,3890,,,,,,1,누군가에 의해 잘 제련된 고대 도끼,3890,0,,30
13202,유물 - 삼날검,Weapon,,,,88,,0.6,,,,,,60,,0.0024,Assassin,10,,240,,3890,,,,,,1,누군가에 의해 잘 제련된 고대 단검,3890,0,,30
15202,유물 - 감시자 지팡이,Weapon,,,,,95,,,,1.44,,,,,0.0024,Wizard,10,,240,,3890,,,,,,1,누군가에 의해 잘 제련된 고대 지팡이,3890,0,,30
12202,유물 - 강철망치,Weapon,,,,86,,,,,,,,156,,0.0024,Warrior,10,,240,,3890,,,,,,1,누군가에 의해 잘 제련된 고대 망치,3890,0,,30
14202,유물 - 맹독단검,Weapon,,,,,88,,,,,,,,150,0.0024,Assassin,10,,240,,3890,,,,,,1,누군가에 의해 잘 제련된 고대 독단검,3890,0,,30
16202,유물 - 강한 마력의 장창,Weapon,,,,,82,,,,,,,,168,0.0024,Wizard,10,,240,,3890,,,,,,1,누군가에 의해 잘 제련된 고대 마법창,3890,0,,30
11203,유물 - 날개도끼,Weapon,,,,125,,1.32,,,,,,,,0.0036,Warrior,20,,320,,7620,,,,,,1,누군가에 의해 잘 연마된 고대 도끼,7620,0,,42
13203,유물 - 적출검,Weapon,,,,121,,0.84,,,,,,84,,0.0036,Assassin,20,,320,,7620,,,,,,1,누군가에 의해 잘 연마된 고대 단검,7620,0,,42
15203,유물 - 수정 지팡이,Weapon,,,,,130,,,,2.04,,,,,0.0036,Wizard,20,,320,,7620,,,,,,1,누군가에 의해 잘 연마된 고대 지팡이,7620,0,,42
12203,유물 - 얼어붙은 철퇴,Weapon,,,,123,,,,,,,,204,,0.0036,Warrior,20,,320,,7620,,,,,,1,누군가에 의해 잘 연마된 고대 망치,7620,0,,42
14203,유물 - 독고저,Weapon,,,,,127,,,,,,,,192,0.0036,Assassin,20,,320,,7620,,,,,,1,누군가에 의해 잘 연마된 고대 독단검,7620,0,,42
16203,유물 - 마력의 낫,Weapon,,,,,115,,,,,,,,228,0.0036,Wizard,20,,320,,7620,,,,,,1,누군가에 의해 잘 연마된 고대 마법창,7620,0,,42
11204,유물 - 톱날분쇄도끼,Weapon,,,,160,,1.68,,,,,,,,0.0048,Warrior,30,,400,,12600,,,,,,1,누군가에 의해 강력한 마법이 깃든 고대 도끼,12600,0,,54
13204,유물 - 톱니칼날,Weapon,,,,154,,1.08,,,,,,108,,0.0048,Assassin,30,,400,,12600,,,,,,1,누군가에 의해 강력한 마법이 깃든 고대 단검,12600,0,,54
15204,유물 - 마력의 지팡이,Weapon,,,,,172,,,,2.4,,,,,0.0048,Wizard,30,,400,,12600,,,,,,1,누군가에 의해 강력한 마법이 깃든 고대 지팡이,12600,0,,54
12204,유물 - 힘의 분쇄망치,Weapon,,,,160,,,,,,,,252,,0.0048,Warrior,30,,400,,12600,,,,,,1,누군가에 의해 강력한 마법이 깃든 고대 망치,12600,0,,54
14204,유물 - 제사용 칼날,Weapon,,,,,164,,,,,,,,240,0.0048,Assassin,30,,400,,12600,,,,,,1,누군가에 의해 강력한 마법이 깃든 고대 독단검,12600,0,,54
16204,유물 - 마력깃든 뿔,Weapon,,,,,148,,,,,,,,288,0.0048,Wizard,30,,400,,12600,,,,,,1,누군가에 의해 강력한 마법이 깃든 고대 마법창,12600,0,,54
99999,똥!파!워!반!지!!,Ring,,,,999999,999999,,9999999,99999,,,,,,,Common,1,,,,1,,,,,,1,,1,0,,9999
